id,user_email,user_username,user_last_name,user_first_name
58edf486fc13ae0e13000000,cfisher0@4shared.com,cfisher0,Fisher,Craig
58edf486fc13ae0e13000001,srice1@gravatar.com,srice1,Rice,Samuel
58edf486fc13ae0e13000002,jcarroll2@bloglovin.com,jcarroll2,Carroll,Jose
58edf486fc13ae0e13000003,bmurray3@dion.ne.jp,bmurray3,Murray,Benjamin
58edf486fc13ae0e13000004,rmarshall4@imdb.com,rmarshall4,Marshall,Ryan
58edf486fc13ae0e13000005,aross5@dyndns.org,aross5,Ross,Andrea
58edf486fc13ae0e13000006,tburton6@behance.net,tburton6,Burton,Todd
58edf486fc13ae0e13000007,mspencer7@pbs.org,mspencer7,Spencer,Marilyn
58edf486fc13ae0e13000008,nhanson8@ucla.edu,nhanson8,Hanson,Nancy
58edf486fc13ae0e13000009,ecunningham9@statcounter.com,ecunningham9,Cunningham,Earl
58edf486fc13ae0e1300000a,ihayesa@addthis.com,ihayesa,Hayes,Irene
58edf486fc13ae0e1300000b,rwelchb@artisteer.com,rwelchb,Welch,Ralph
58edf486fc13ae0e1300000c,kwardc@tmall.com,kwardc,Ward,Kelly
58edf486fc13ae0e1300000d,lwallaced@cpanel.net,lwallaced,Wallace,Laura
58edf486fc13ae0e1300000e,ralexandere@linkedin.com,ralexandere,Alexander,Rebecca
58edf486fc13ae0e1300000f,rhicksf@rakuten.co.jp,rhicksf,Hicks,Richard
58edf486fc13ae0e13000010,brobertsg@mediafire.com,brobertsg,Roberts,Bruce
58edf486fc13ae0e13000011,fchapmanh@360.cn,fchapmanh,Chapman,Frances
58edf486fc13ae0e13000012,hbanksi@bing.com,hbanksi,Banks,Helen
58edf486fc13ae0e13000013,jtuckerj@sphinn.com,jtuckerj,Tucker,Jane
58edf486fc13ae0e13000014,jgordonk@seattletimes.com,jgordonk,Gordon,Jack
58edf486fc13ae0e13000015,sknightl@vk.com,sknightl,Knight,Sarah
58edf486fc13ae0e13000016,alittlem@cam.ac.uk,alittlem,Little,Aaron
58edf486fc13ae0e13000017,jrayn@businesswire.com,jrayn,Ray,John
58edf486fc13ae0e13000018,shamiltono@constantcontact.com,shamiltono,Hamilton,Sandra
58edf486fc13ae0e13000019,espencerp@sakura.ne.jp,espencerp,Spencer,Edward
58edf486fc13ae0e1300001a,sgreeneq@vk.com,sgreeneq,Greene,Stephanie
58edf486fc13ae0e1300001b,jpetersonr@howstuffworks.com,jpetersonr,Peterson,Jason
58edf486fc13ae0e1300001c,aparkers@icq.com,aparkers,Parker,Anna
58edf486fc13ae0e1300001d,cmitchellt@fda.gov,cmitchellt,Mitchell,Clarence
58edf486fc13ae0e1300001e,criverau@reddit.com,criverau,Rivera,Clarence
58edf486fc13ae0e1300001f,mrichardsonv@marketwatch.com,mrichardsonv,Richardson,Marilyn
58edf486fc13ae0e13000020,chayesw@ezinearticles.com,chayesw,Hayes,Charles
58edf486fc13ae0e13000021,dwatsonx@123-reg.co.uk,dwatsonx,Watson,Deborah
58edf486fc13ae0e13000022,mgriffiny@nasa.gov,mgriffiny,Griffin,Matthew
58edf486fc13ae0e13000023,sweaverz@amazon.co.uk,sweaverz,Weaver,Stephen
58edf486fc13ae0e13000024,rsanders10@google.pl,rsanders10,Sanders,Robin
58edf486fc13ae0e13000025,clewis11@netvibes.com,clewis11,Lewis,Christina
58edf486fc13ae0e13000026,igarza12@jimdo.com,igarza12,Garza,Irene
58edf486fc13ae0e13000027,rburke13@oaic.gov.au,rburke13,Burke,Ruby
58edf486fc13ae0e13000028,rfoster14@com.com,rfoster14,Foster,Robert
58edf486fc13ae0e13000029,bboyd15@bbc.co.uk,bboyd15,Boyd,Betty
58edf486fc13ae0e1300002a,dmoreno16@jugem.jp,dmoreno16,Moreno,Diane
58edf486fc13ae0e1300002b,fpowell17@wunderground.com,fpowell17,Powell,Frank
58edf486fc13ae0e1300002c,jmorrison18@nymag.com,jmorrison18,Morrison,Joseph
58edf486fc13ae0e1300002d,lduncan19@icio.us,lduncan19,Duncan,Lawrence
58edf486fc13ae0e1300002e,jchavez1a@fda.gov,jchavez1a,Chavez,Jacqueline
58edf486fc13ae0e1300002f,awebb1b@canalblog.com,awebb1b,Webb,Andrea
58edf486fc13ae0e13000030,bevans1c@list-manage.com,bevans1c,Evans,Beverly
58edf486fc13ae0e13000031,lmartin1d@utexas.edu,lmartin1d,Martin,Laura
58edf486fc13ae0e13000032,gknight1e@google.pl,gknight1e,Knight,George
58edf486fc13ae0e13000033,fmartinez1f@t-online.de,fmartinez1f,Martinez,Frances
58edf486fc13ae0e13000034,rpeters1g@springer.com,rpeters1g,Peters,Rose
58edf486fc13ae0e13000035,rcarpenter1h@house.gov,rcarpenter1h,Carpenter,Ryan
58edf486fc13ae0e13000036,bhart1i@mapquest.com,bhart1i,Hart,Barbara
58edf486fc13ae0e13000037,psims1j@oracle.com,psims1j,Sims,Patrick
58edf486fc13ae0e13000038,bthomas1k@si.edu,bthomas1k,Thomas,Barbara
58edf486fc13ae0e13000039,wsimpson1l@microsoft.com,wsimpson1l,Simpson,Wanda
58edf486fc13ae0e1300003a,abowman1m@trellian.com,abowman1m,Bowman,Andrea
58edf486fc13ae0e1300003b,jharris1n@indiatimes.com,jharris1n,Harris,Jacqueline
58edf486fc13ae0e1300003c,kstanley1o@kickstarter.com,kstanley1o,Stanley,Karen
58edf486fc13ae0e1300003d,bwoods1p@nih.gov,bwoods1p,Woods,Bobby
58edf486fc13ae0e1300003e,brodriguez1q@themeforest.net,brodriguez1q,Rodriguez,Bonnie
58edf486fc13ae0e1300003f,bwoods1r@berkeley.edu,bwoods1r,Woods,Beverly
58edf486fc13ae0e13000040,malexander1s@ft.com,malexander1s,Alexander,Michelle
58edf486fc13ae0e13000041,vallen1t@google.co.jp,vallen1t,Allen,Virginia
58edf486fc13ae0e13000042,jmorrison1u@census.gov,jmorrison1u,Morrison,Julia
58edf486fc13ae0e13000043,aharvey1v@cisco.com,aharvey1v,Harvey,Anne
58edf486fc13ae0e13000044,mmorrison1w@bandcamp.com,mmorrison1w,Morrison,Martin
58edf486fc13ae0e13000045,rfernandez1x@vk.com,rfernandez1x,Fernandez,Rachel
58edf486fc13ae0e13000046,rspencer1y@cpanel.net,rspencer1y,Spencer,Randy
58edf486fc13ae0e13000047,jvasquez1z@accuweather.com,jvasquez1z,Vasquez,John
58edf486fc13ae0e13000048,tdaniels20@mediafire.com,tdaniels20,Daniels,Teresa
58edf486fc13ae0e13000049,ralexander21@buzzfeed.com,ralexander21,Alexander,Ralph
58edf486fc13ae0e1300004a,ehenry22@wordpress.org,ehenry22,Henry,Earl
58edf486fc13ae0e1300004b,ediaz23@businessinsider.com,ediaz23,Diaz,Earl
58edf486fc13ae0e1300004c,pbowman24@google.com,pbowman24,Bowman,Paul
58edf486fc13ae0e1300004d,dlopez25@issuu.com,dlopez25,Lopez,Deborah
58edf486fc13ae0e1300004e,jblack26@msu.edu,jblack26,Black,Joshua
58edf486fc13ae0e1300004f,lbailey27@cargocollective.com,lbailey27,Bailey,Louis
58edf486fc13ae0e13000050,lmartinez28@homestead.com,lmartinez28,Martinez,Lisa
58edf486fc13ae0e13000051,jholmes29@nytimes.com,jholmes29,Holmes,Janice
58edf486fc13ae0e13000052,kgray2a@usa.gov,kgray2a,Gray,Keith
58edf486fc13ae0e13000053,jalexander2b@archive.org,jalexander2b,Alexander,Janet
58edf486fc13ae0e13000054,emurray2c@odnoklassniki.ru,emurray2c,Murray,Edward
58edf486fc13ae0e13000055,kburke2d@google.com.br,kburke2d,Burke,Kimberly
58edf486fc13ae0e13000056,hscott2e@unicef.org,hscott2e,Scott,Helen
58edf486fc13ae0e13000057,eparker2f@rambler.ru,eparker2f,Parker,Edward
58edf486fc13ae0e13000058,rgomez2g@gizmodo.com,rgomez2g,Gomez,Ruth
58edf486fc13ae0e13000059,nmyers2h@npr.org,nmyers2h,Myers,Nicole
58edf486fc13ae0e1300005a,kfoster2i@slashdot.org,kfoster2i,Foster,Kathryn
58edf486fc13ae0e1300005b,mwillis2j@networkadvertising.org,mwillis2j,Willis,Margaret
58edf486fc13ae0e1300005c,promero2k@sciencedirect.com,promero2k,Romero,Phillip
58edf486fc13ae0e1300005d,lhall2l@loc.gov,lhall2l,Hall,Lois
58edf486fc13ae0e1300005e,bferguson2m@dion.ne.jp,bferguson2m,Ferguson,Brenda
58edf486fc13ae0e1300005f,mmartin2n@xinhuanet.com,mmartin2n,Martin,Michelle
58edf486fc13ae0e13000060,charrison2o@paypal.com,charrison2o,Harrison,Carolyn
58edf486fc13ae0e13000061,kcarroll2p@geocities.com,kcarroll2p,Carroll,Kathryn
58edf486fc13ae0e13000062,jbryant2q@barnesandnoble.com,jbryant2q,Bryant,Julie
58edf486fc13ae0e13000063,jbowman2r@weather.com,jbowman2r,Bowman,Judith
58edf486fc13ae0e13000064,mmurphy2s@xrea.com,mmurphy2s,Murphy,Mildred
58edf486fc13ae0e13000065,dreynolds2t@utexas.edu,dreynolds2t,Reynolds,Diane
58edf486fc13ae0e13000066,cpeters2u@chronoengine.com,cpeters2u,Peters,Chris
58edf486fc13ae0e13000067,wthomas2v@kickstarter.com,wthomas2v,Thomas,Walter
58edf486fc13ae0e13000068,srice2w@theglobeandmail.com,srice2w,Rice,Stephanie
58edf486fc13ae0e13000069,gcarter2x@ebay.com,gcarter2x,Carter,Gregory
58edf486fc13ae0e1300006a,treynolds2y@simplemachines.org,treynolds2y,Reynolds,Theresa
58edf486fc13ae0e1300006b,ameyer2z@storify.com,ameyer2z,Meyer,Anna
58edf486fc13ae0e1300006c,shanson30@soup.io,shanson30,Hanson,Shawn
58edf486fc13ae0e1300006d,agutierrez31@spotify.com,agutierrez31,Gutierrez,Anna
58edf486fc13ae0e1300006e,ecole32@technorati.com,ecole32,Cole,Eric
58edf486fc13ae0e1300006f,ehanson33@columbia.edu,ehanson33,Hanson,Emily
58edf486fc13ae0e13000070,ttorres34@usda.gov,ttorres34,Torres,Tina
58edf486fc13ae0e13000071,tlopez35@biglobe.ne.jp,tlopez35,Lopez,Terry
58edf486fc13ae0e13000072,ppierce36@nbcnews.com,ppierce36,Pierce,Phillip
58edf486fc13ae0e13000073,tortiz37@independent.co.uk,tortiz37,Ortiz,Timothy
58edf486fc13ae0e13000074,rfields38@wikia.com,rfields38,Fields,Rebecca
58edf486fc13ae0e13000075,gwells39@usnews.com,gwells39,Wells,Gary
58edf486fc13ae0e13000076,eharrison3a@comsenz.com,eharrison3a,Harrison,Edward
58edf486fc13ae0e13000077,jstephens3b@taobao.com,jstephens3b,Stephens,John
58edf486fc13ae0e13000078,djohnston3c@ucoz.com,djohnston3c,Johnston,Denise
58edf486fc13ae0e13000079,wwatson3d@opera.com,wwatson3d,Watson,Walter
58edf486fc13ae0e1300007a,sholmes3e@ameblo.jp,sholmes3e,Holmes,Susan
58edf486fc13ae0e1300007b,gmurray3f@vistaprint.com,gmurray3f,Murray,Gregory
58edf486fc13ae0e1300007c,bpeterson3g@topsy.com,bpeterson3g,Peterson,Brandon
58edf486fc13ae0e1300007d,hcook3h@sogou.com,hcook3h,Cook,Henry
58edf486fc13ae0e1300007e,cparker3i@woothemes.com,cparker3i,Parker,Carlos
58edf486fc13ae0e1300007f,sarmstrong3j@live.com,sarmstrong3j,Armstrong,Samuel
58edf486fc13ae0e13000080,larmstrong3k@csmonitor.com,larmstrong3k,Armstrong,Louise
58edf486fc13ae0e13000081,eward3l@aol.com,eward3l,Ward,Elizabeth
58edf486fc13ae0e13000082,wrussell3m@cpanel.net,wrussell3m,Russell,Wayne
58edf486fc13ae0e13000083,mhunter3n@eventbrite.com,mhunter3n,Hunter,Mary
58edf486fc13ae0e13000084,pkim3o@nih.gov,pkim3o,Kim,Patricia
58edf486fc13ae0e13000085,jsanchez3p@t-online.de,jsanchez3p,Sanchez,Jennifer
58edf486fc13ae0e13000086,ecampbell3q@wisc.edu,ecampbell3q,Campbell,Evelyn
58edf486fc13ae0e13000087,egutierrez3r@odnoklassniki.ru,egutierrez3r,Gutierrez,Edward
58edf486fc13ae0e13000088,mwatkins3s@gravatar.com,mwatkins3s,Watkins,Maria
58edf486fc13ae0e13000089,dfoster3t@canalblog.com,dfoster3t,Foster,Daniel
58edf486fc13ae0e1300008a,dwilliamson3u@time.com,dwilliamson3u,Williamson,Dennis
58edf486fc13ae0e1300008b,rsmith3v@aol.com,rsmith3v,Smith,Russell
58edf486fc13ae0e1300008c,kriley3w@fc2.com,kriley3w,Riley,Kathy
58edf486fc13ae0e1300008d,wellis3x@is.gd,wellis3x,Ellis,Wayne
58edf486fc13ae0e1300008e,lharrison3y@chronoengine.com,lharrison3y,Harrison,Larry
58edf486fc13ae0e1300008f,khudson3z@apache.org,khudson3z,Hudson,Kelly
58edf486fc13ae0e13000090,slong40@icio.us,slong40,Long,Steve
58edf486fc13ae0e13000091,ecampbell41@pagesperso-orange.fr,ecampbell41,Campbell,Earl
58edf486fc13ae0e13000092,smurphy42@mail.ru,smurphy42,Murphy,Shirley
58edf486fc13ae0e13000093,kpeterson43@archive.org,kpeterson43,Peterson,Kathryn
58edf486fc13ae0e13000094,aarnold44@soup.io,aarnold44,Arnold,Amanda
58edf486fc13ae0e13000095,pstephens45@weebly.com,pstephens45,Stephens,Philip
58edf486fc13ae0e13000096,jphillips46@blinklist.com,jphillips46,Phillips,Janet
58edf486fc13ae0e13000097,earmstrong47@ucsd.edu,earmstrong47,Armstrong,Earl
58edf486fc13ae0e13000098,rruiz48@miibeian.gov.cn,rruiz48,Ruiz,Roy
58edf486fc13ae0e13000099,jfowler49@de.vu,jfowler49,Fowler,Joshua
58edf486fc13ae0e1300009a,mgreen4a@bizjournals.com,mgreen4a,Green,Melissa
58edf486fc13ae0e1300009b,mvasquez4b@addtoany.com,mvasquez4b,Vasquez,Maria
58edf486fc13ae0e1300009c,scastillo4c@squidoo.com,scastillo4c,Castillo,Scott
58edf486fc13ae0e1300009d,kowens4d@rediff.com,kowens4d,Owens,Karen
58edf486fc13ae0e1300009e,mwelch4e@wp.com,mwelch4e,Welch,Martin
58edf486fc13ae0e1300009f,pphillips4f@whitehouse.gov,pphillips4f,Phillips,Patrick
58edf486fc13ae0e130000a0,jaustin4g@dedecms.com,jaustin4g,Austin,Jose
58edf486fc13ae0e130000a1,pfernandez4h@blinklist.com,pfernandez4h,Fernandez,Paula
58edf486fc13ae0e130000a2,wwallace4i@addthis.com,wwallace4i,Wallace,Willie
58edf486fc13ae0e130000a3,arogers4j@example.com,arogers4j,Rogers,Ann
58edf486fc13ae0e130000a4,whoward4k@nationalgeographic.com,whoward4k,Howard,Walter
58edf486fc13ae0e130000a5,ddixon4l@ibm.com,ddixon4l,Dixon,Deborah
58edf486fc13ae0e130000a6,jsullivan4m@ed.gov,jsullivan4m,Sullivan,Jose
58edf486fc13ae0e130000a7,vmendoza4n@amazon.com,vmendoza4n,Mendoza,Victor
58edf486fc13ae0e130000a8,dwilliams4o@quantcast.com,dwilliams4o,Williams,Debra
58edf486fc13ae0e130000a9,rdunn4p@icio.us,rdunn4p,Dunn,Rose
58edf486fc13ae0e130000aa,amontgomery4q@topsy.com,amontgomery4q,Montgomery,Alan
58edf486fc13ae0e130000ab,acarr4r@networksolutions.com,acarr4r,Carr,Annie
58edf486fc13ae0e130000ac,jscott4s@vinaora.com,jscott4s,Scott,Joe
58edf486fc13ae0e130000ad,rrichards4t@who.int,rrichards4t,Richards,Ryan
58edf486fc13ae0e130000ae,cwells4u@intel.com,cwells4u,Wells,Carl
58edf486fc13ae0e130000af,rbowman4v@msu.edu,rbowman4v,Bowman,Ralph
58edf486fc13ae0e130000b0,shawkins4w@devhub.com,shawkins4w,Hawkins,Shirley
58edf486fc13ae0e130000b1,jreynolds4x@yelp.com,jreynolds4x,Reynolds,Judith
58edf486fc13ae0e130000b2,sanderson4y@freewebs.com,sanderson4y,Anderson,Scott
58edf486fc13ae0e130000b3,rgrant4z@vk.com,rgrant4z,Grant,Roy
58edf486fc13ae0e130000b4,ahunter50@mapy.cz,ahunter50,Hunter,Albert
58edf486fc13ae0e130000b5,kbell51@free.fr,kbell51,Bell,Katherine
58edf486fc13ae0e130000b6,slittle52@last.fm,slittle52,Little,Sharon
58edf486fc13ae0e130000b7,cedwards53@google.fr,cedwards53,Edwards,Carolyn
58edf486fc13ae0e130000b8,ebennett54@1und1.de,ebennett54,Bennett,Edward
58edf486fc13ae0e130000b9,jdavis55@ask.com,jdavis55,Davis,Julie
58edf486fc13ae0e130000ba,eburke56@nydailynews.com,eburke56,Burke,Earl
58edf486fc13ae0e130000bb,echapman57@i2i.jp,echapman57,Chapman,Elizabeth
58edf486fc13ae0e130000bc,rpowell58@elpais.com,rpowell58,Powell,Ronald
58edf486fc13ae0e130000bd,brogers59@wikispaces.com,brogers59,Rogers,Bobby
58edf486fc13ae0e130000be,rcook5a@typepad.com,rcook5a,Cook,Russell
58edf486fc13ae0e130000bf,jgordon5b@gizmodo.com,jgordon5b,Gordon,Janet
58edf486fc13ae0e130000c0,apayne5c@noaa.gov,apayne5c,Payne,Albert
58edf486fc13ae0e130000c1,rmiller5d@marketwatch.com,rmiller5d,Miller,Ruby
58edf486fc13ae0e130000c2,dhernandez5e@samsung.com,dhernandez5e,Hernandez,Donald
58edf486fc13ae0e130000c3,twright5f@opensource.org,twright5f,Wright,Theresa
58edf486fc13ae0e130000c4,jjacobs5g@auda.org.au,jjacobs5g,Jacobs,Jose
58edf486fc13ae0e130000c5,alawrence5h@aol.com,alawrence5h,Lawrence,Amy
58edf486fc13ae0e130000c6,drose5i@squidoo.com,drose5i,Rose,Diana
58edf486fc13ae0e130000c7,mnelson5j@scientificamerican.com,mnelson5j,Nelson,Mildred
58edf486fc13ae0e130000c8,jadams5k@addthis.com,jadams5k,Adams,Joshua
58edf486fc13ae0e130000c9,dday5l@icq.com,dday5l,Day,Diana
58edf486fc13ae0e130000ca,cperry5m@about.me,cperry5m,Perry,Charles
58edf486fc13ae0e130000cb,prose5n@discuz.net,prose5n,Rose,Paula
58edf486fc13ae0e130000cc,kmccoy5o@nps.gov,kmccoy5o,Mccoy,Kathleen
58edf486fc13ae0e130000cd,csullivan5p@go.com,csullivan5p,Sullivan,Clarence
58edf486fc13ae0e130000ce,gwelch5q@cbslocal.com,gwelch5q,Welch,Gregory
58edf486fc13ae0e130000cf,hrodriguez5r@mail.ru,hrodriguez5r,Rodriguez,Helen
58edf486fc13ae0e130000d0,tramirez5s@networkadvertising.org,tramirez5s,Ramirez,Todd
58edf486fc13ae0e130000d1,mgonzalez5t@google.ca,mgonzalez5t,Gonzalez,Margaret
58edf486fc13ae0e130000d2,nmeyer5u@unicef.org,nmeyer5u,Meyer,Nicholas
58edf486fc13ae0e130000d3,jstephens5v@bloomberg.com,jstephens5v,Stephens,Jack
58edf486fc13ae0e130000d4,jchapman5w@ca.gov,jchapman5w,Chapman,Julia
58edf486fc13ae0e130000d5,creid5x@histats.com,creid5x,Reid,Christine
58edf486fc13ae0e130000d6,radams5y@parallels.com,radams5y,Adams,Roy
58edf486fc13ae0e130000d7,pbell5z@comcast.net,pbell5z,Bell,Philip
58edf486fc13ae0e130000d8,ccunningham60@yahoo.com,ccunningham60,Cunningham,Catherine
58edf486fc13ae0e130000d9,bmiller61@ftc.gov,bmiller61,Miller,Betty
58edf486fc13ae0e130000da,jyoung62@wikispaces.com,jyoung62,Young,Jeremy
58edf486fc13ae0e130000db,jrice63@slate.com,jrice63,Rice,Janet
58edf486fc13ae0e130000dc,khayes64@miibeian.gov.cn,khayes64,Hayes,Kathleen
58edf486fc13ae0e130000dd,ablack65@bing.com,ablack65,Black,Albert
58edf486fc13ae0e130000de,vhunter66@stumbleupon.com,vhunter66,Hunter,Victor
58edf486fc13ae0e130000df,vgray67@cdbaby.com,vgray67,Gray,Virginia
58edf486fc13ae0e130000e0,dfranklin68@answers.com,dfranklin68,Franklin,Doris
58edf486fc13ae0e130000e1,dhowell69@mozilla.org,dhowell69,Howell,Denise
58edf486fc13ae0e130000e2,mgardner6a@github.com,mgardner6a,Gardner,Mildred
58edf486fc13ae0e130000e3,dvasquez6b@businessweek.com,dvasquez6b,Vasquez,Debra
58edf486fc13ae0e130000e4,sgarrett6c@xing.com,sgarrett6c,Garrett,Sarah
58edf486fc13ae0e130000e5,dburns6d@mapy.cz,dburns6d,Burns,Denise
58edf486fc13ae0e130000e6,cwebb6e@pen.io,cwebb6e,Webb,Christine
58edf486fc13ae0e130000e7,rgardner6f@princeton.edu,rgardner6f,Gardner,Ruby
58edf486fc13ae0e130000e8,gday6g@slideshare.net,gday6g,Day,Gloria
58edf486fc13ae0e130000e9,mharris6h@cbslocal.com,mharris6h,Harris,Maria
58edf486fc13ae0e130000ea,slittle6i@paginegialle.it,slittle6i,Little,Scott
58edf486fc13ae0e130000eb,rbell6j@senate.gov,rbell6j,Bell,Robin
58edf486fc13ae0e130000ec,bsims6k@smugmug.com,bsims6k,Sims,Bobby
58edf486fc13ae0e130000ed,jwilson6l@tinypic.com,jwilson6l,Wilson,Jason
58edf486fc13ae0e130000ee,dmontgomery6m@cnn.com,dmontgomery6m,Montgomery,Daniel
58edf486fc13ae0e130000ef,rwarren6n@myspace.com,rwarren6n,Warren,Rose
58edf486fc13ae0e130000f0,chicks6o@irs.gov,chicks6o,Hicks,Craig
58edf486fc13ae0e130000f1,mramos6p@friendfeed.com,mramos6p,Ramos,Michael
58edf486fc13ae0e130000f2,aprice6q@dailymotion.com,aprice6q,Price,Albert
58edf486fc13ae0e130000f3,jcarroll6r@quantcast.com,jcarroll6r,Carroll,Jerry
58edf486fc13ae0e130000f4,ggordon6s@acquirethisname.com,ggordon6s,Gordon,Gloria
58edf486fc13ae0e130000f5,lsimpson6t@springer.com,lsimpson6t,Simpson,Linda
58edf486fc13ae0e130000f6,mdavis6u@geocities.com,mdavis6u,Davis,Margaret
58edf486fc13ae0e130000f7,asullivan6v@themeforest.net,asullivan6v,Sullivan,Anthony
58edf486fc13ae0e130000f8,gharris6w@nbcnews.com,gharris6w,Harris,Gregory
58edf486fc13ae0e130000f9,tpayne6x@virginia.edu,tpayne6x,Payne,Tina
58edf486fc13ae0e130000fa,abaker6y@mit.edu,abaker6y,Baker,Albert
58edf486fc13ae0e130000fb,rdavis6z@ca.gov,rdavis6z,Davis,Ronald
58edf486fc13ae0e130000fc,wwagner70@nba.com,wwagner70,Wagner,Willie
58edf486fc13ae0e130000fd,ngeorge71@mediafire.com,ngeorge71,George,Nicholas
58edf486fc13ae0e130000fe,pstephens72@hexun.com,pstephens72,Stephens,Phyllis
58edf486fc13ae0e130000ff,bromero73@virginia.edu,bromero73,Romero,Beverly
58edf486fc13ae0e13000100,nhunt74@weather.com,nhunt74,Hunt,Norma
58edf486fc13ae0e13000101,gross75@artisteer.com,gross75,Ross,George
58edf486fc13ae0e13000102,kcoleman76@usatoday.com,kcoleman76,Coleman,Kathleen
58edf486fc13ae0e13000103,pvasquez77@un.org,pvasquez77,Vasquez,Phillip
58edf486fc13ae0e13000104,cwest78@smh.com.au,cwest78,West,Carlos
58edf486fc13ae0e13000105,ccunningham79@xrea.com,ccunningham79,Cunningham,Catherine
58edf486fc13ae0e13000106,jray7a@gizmodo.com,jray7a,Ray,Julie
58edf486fc13ae0e13000107,cbaker7b@sciencedirect.com,cbaker7b,Baker,Cheryl
58edf486fc13ae0e13000108,ledwards7c@cloudflare.com,ledwards7c,Edwards,Laura
58edf486fc13ae0e13000109,rmason7d@army.mil,rmason7d,Mason,Ronald
58edf486fc13ae0e1300010a,bhudson7e@who.int,bhudson7e,Hudson,Brenda
58edf486fc13ae0e1300010b,jwhite7f@reddit.com,jwhite7f,White,Janice
58edf486fc13ae0e1300010c,ebowman7g@nhs.uk,ebowman7g,Bowman,Ernest
58edf486fc13ae0e1300010d,pprice7h@theglobeandmail.com,pprice7h,Price,Phyllis
58edf486fc13ae0e1300010e,arodriguez7i@histats.com,arodriguez7i,Rodriguez,Aaron
58edf486fc13ae0e1300010f,phernandez7j@cyberchimps.com,phernandez7j,Hernandez,Phillip
58edf486fc13ae0e13000110,mfrazier7k@chron.com,mfrazier7k,Frazier,Mark
58edf486fc13ae0e13000111,swilson7l@utexas.edu,swilson7l,Wilson,Samuel
58edf486fc13ae0e13000112,adixon7m@skyrock.com,adixon7m,Dixon,Alan
58edf486fc13ae0e13000113,kcarpenter7n@livejournal.com,kcarpenter7n,Carpenter,Kathleen
58edf486fc13ae0e13000114,edixon7o@disqus.com,edixon7o,Dixon,Evelyn
58edf486fc13ae0e13000115,vross7p@geocities.jp,vross7p,Ross,Virginia
58edf486fc13ae0e13000116,jwebb7q@youtu.be,jwebb7q,Webb,Janet
58edf486fc13ae0e13000117,mwagner7r@businessinsider.com,mwagner7r,Wagner,Mark
58edf486fc13ae0e13000118,kbowman7s@noaa.gov,kbowman7s,Bowman,Karen
58edf486fc13ae0e13000119,adaniels7t@github.io,adaniels7t,Daniels,Anna
58edf486fc13ae0e1300011a,jnelson7u@guardian.co.uk,jnelson7u,Nelson,Jonathan
58edf486fc13ae0e1300011b,kgilbert7v@pagesperso-orange.fr,kgilbert7v,Gilbert,Kelly
58edf486fc13ae0e1300011c,breynolds7w@auda.org.au,breynolds7w,Reynolds,Brenda
58edf486fc13ae0e1300011d,gsanchez7x@elpais.com,gsanchez7x,Sanchez,Gloria
58edf486fc13ae0e1300011e,mshaw7y@nps.gov,mshaw7y,Shaw,Mark
58edf486fc13ae0e1300011f,criley7z@cnet.com,criley7z,Riley,Chris
58edf486fc13ae0e13000120,hwebb80@xing.com,hwebb80,Webb,Henry
58edf486fc13ae0e13000121,jpeterson81@ftc.gov,jpeterson81,Peterson,Jennifer
58edf486fc13ae0e13000122,acarroll82@vk.com,acarroll82,Carroll,Annie
58edf486fc13ae0e13000123,ajacobs83@prlog.org,ajacobs83,Jacobs,Adam
58edf486fc13ae0e13000124,rwagner84@mozilla.com,rwagner84,Wagner,Ruth
58edf486fc13ae0e13000125,ryoung85@quantcast.com,ryoung85,Young,Rachel
58edf486fc13ae0e13000126,dhill86@geocities.jp,dhill86,Hill,Dorothy
58edf486fc13ae0e13000127,aortiz87@booking.com,aortiz87,Ortiz,Amanda
58edf486fc13ae0e13000128,bmitchell88@telegraph.co.uk,bmitchell88,Mitchell,Betty
58edf486fc13ae0e13000129,clawson89@addtoany.com,clawson89,Lawson,Carlos
58edf486fc13ae0e1300012a,mramos8a@reddit.com,mramos8a,Ramos,Mildred
58edf486fc13ae0e1300012b,ahawkins8b@weather.com,ahawkins8b,Hawkins,Amy
58edf486fc13ae0e1300012c,ccox8c@tuttocitta.it,ccox8c,Cox,Christine
58edf486fc13ae0e1300012d,palexander8d@java.com,palexander8d,Alexander,Philip
58edf486fc13ae0e1300012e,rbell8e@nasa.gov,rbell8e,Bell,Rebecca
58edf486fc13ae0e1300012f,kpierce8f@berkeley.edu,kpierce8f,Pierce,Kathryn
58edf486fc13ae0e13000130,ajacobs8g@goo.gl,ajacobs8g,Jacobs,Arthur
58edf486fc13ae0e13000131,mfields8h@soundcloud.com,mfields8h,Fields,Mary
58edf486fc13ae0e13000132,jolson8i@reuters.com,jolson8i,Olson,James
58edf486fc13ae0e13000133,lgonzales8j@feedburner.com,lgonzales8j,Gonzales,Lillian
58edf486fc13ae0e13000134,msimmons8k@angelfire.com,msimmons8k,Simmons,Michael
58edf486fc13ae0e13000135,dmills8l@ftc.gov,dmills8l,Mills,Denise
58edf486fc13ae0e13000136,dspencer8m@google.ca,dspencer8m,Spencer,David
58edf486fc13ae0e13000137,gwhite8n@who.int,gwhite8n,White,George
58edf486fc13ae0e13000138,rpowell8o@mapy.cz,rpowell8o,Powell,Ruth
58edf486fc13ae0e13000139,jharrison8p@yellowbook.com,jharrison8p,Harrison,Joe
58edf486fc13ae0e1300013a,rrose8q@state.tx.us,rrose8q,Rose,Rebecca
58edf486fc13ae0e1300013b,acunningham8r@multiply.com,acunningham8r,Cunningham,Alice
58edf486fc13ae0e1300013c,ajordan8s@jugem.jp,ajordan8s,Jordan,Annie
58edf486fc13ae0e1300013d,nduncan8t@g.co,nduncan8t,Duncan,Nancy
58edf486fc13ae0e1300013e,vcunningham8u@a8.net,vcunningham8u,Cunningham,Victor
58edf486fc13ae0e1300013f,bcruz8v@comcast.net,bcruz8v,Cruz,Barbara
58edf486fc13ae0e13000140,chowell8w@xrea.com,chowell8w,Howell,Carol
58edf486fc13ae0e13000141,cjacobs8x@statcounter.com,cjacobs8x,Jacobs,Carl
58edf486fc13ae0e13000142,mroberts8y@psu.edu,mroberts8y,Roberts,Maria
58edf486fc13ae0e13000143,folson8z@soundcloud.com,folson8z,Olson,Frances
58edf486fc13ae0e13000144,harnold90@studiopress.com,harnold90,Arnold,Heather
58edf486fc13ae0e13000145,sgraham91@economist.com,sgraham91,Graham,Sean
58edf486fc13ae0e13000146,ljackson92@wix.com,ljackson92,Jackson,Lawrence
58edf486fc13ae0e13000147,bfowler93@unc.edu,bfowler93,Fowler,Benjamin
58edf486fc13ae0e13000148,crose94@hp.com,crose94,Rose,Catherine
58edf486fc13ae0e13000149,kruiz95@yale.edu,kruiz95,Ruiz,Karen
58edf486fc13ae0e1300014a,hgordon96@oracle.com,hgordon96,Gordon,Harry
58edf486fc13ae0e1300014b,ehunter97@unc.edu,ehunter97,Hunter,Edward
58edf486fc13ae0e1300014c,cgarrett98@mail.ru,cgarrett98,Garrett,Catherine
58edf486fc13ae0e1300014d,dramos99@sitemeter.com,dramos99,Ramos,Doris
58edf486fc13ae0e1300014e,emontgomery9a@printfriendly.com,emontgomery9a,Montgomery,Earl
58edf486fc13ae0e1300014f,aholmes9b@usnews.com,aholmes9b,Holmes,Andrea
58edf486fc13ae0e13000150,mharris9c@deviantart.com,mharris9c,Harris,Michael
58edf486fc13ae0e13000151,swoods9d@mapquest.com,swoods9d,Woods,Susan
58edf486fc13ae0e13000152,rgarrett9e@guardian.co.uk,rgarrett9e,Garrett,Ryan
58edf486fc13ae0e13000153,bclark9f@chicagotribune.com,bclark9f,Clark,Betty
58edf486fc13ae0e13000154,awells9g@redcross.org,awells9g,Wells,Andrea
58edf486fc13ae0e13000155,kjohnston9h@dmoz.org,kjohnston9h,Johnston,Karen
58edf486fc13ae0e13000156,canderson9i@tinyurl.com,canderson9i,Anderson,Craig
58edf486fc13ae0e13000157,jbaker9j@nymag.com,jbaker9j,Baker,Joshua
58edf486fc13ae0e13000158,ddean9k@forbes.com,ddean9k,Dean,Diane
58edf486fc13ae0e13000159,erobinson9l@ucoz.ru,erobinson9l,Robinson,Eric
58edf486fc13ae0e1300015a,jhenderson9m@devhub.com,jhenderson9m,Henderson,Juan
58edf486fc13ae0e1300015b,hmiller9n@dailymotion.com,hmiller9n,Miller,Harold
58edf486fc13ae0e1300015c,jmendoza9o@studiopress.com,jmendoza9o,Mendoza,Jack
58edf486fc13ae0e1300015d,kferguson9p@github.io,kferguson9p,Ferguson,Kathryn
58edf486fc13ae0e1300015e,mreynolds9q@thetimes.co.uk,mreynolds9q,Reynolds,Marie
58edf486fc13ae0e1300015f,dcampbell9r@nyu.edu,dcampbell9r,Campbell,Diane
58edf486fc13ae0e13000160,jthompson9s@last.fm,jthompson9s,Thompson,Jessica
58edf486fc13ae0e13000161,ddiaz9t@prnewswire.com,ddiaz9t,Diaz,Doris
58edf486fc13ae0e13000162,cporter9u@fastcompany.com,cporter9u,Porter,Christopher
58edf486fc13ae0e13000163,arichardson9v@biblegateway.com,arichardson9v,Richardson,Albert
58edf486fc13ae0e13000164,rford9w@apple.com,rford9w,Ford,Raymond
58edf486fc13ae0e13000165,bward9x@google.ru,bward9x,Ward,Bonnie
58edf486fc13ae0e13000166,proberts9y@sogou.com,proberts9y,Roberts,Peter
58edf486fc13ae0e13000167,jreid9z@who.int,jreid9z,Reid,Jennifer
58edf486fc13ae0e13000168,bhunta0@berkeley.edu,bhunta0,Hunt,Bruce
58edf486fc13ae0e13000169,rrobertsona1@imgur.com,rrobertsona1,Robertson,Rachel
58edf486fc13ae0e1300016a,mbrowna2@goodreads.com,mbrowna2,Brown,Marilyn
58edf486fc13ae0e1300016b,gbutlera3@slate.com,gbutlera3,Butler,George
58edf486fc13ae0e1300016c,tyounga4@sitemeter.com,tyounga4,Young,Tina
58edf486fc13ae0e1300016d,rwagnera5@ustream.tv,rwagnera5,Wagner,Ruby
58edf486fc13ae0e1300016e,avasqueza6@omniture.com,avasqueza6,Vasquez,Angela
58edf486fc13ae0e1300016f,mbennetta7@drupal.org,mbennetta7,Bennett,Maria
58edf486fc13ae0e13000170,caustina8@123-reg.co.uk,caustina8,Austin,Christopher
58edf486fc13ae0e13000171,pevansa9@myspace.com,pevansa9,Evans,Peter
58edf486fc13ae0e13000172,adanielsaa@ning.com,adanielsaa,Daniels,Alan
58edf486fc13ae0e13000173,rmurphyab@feedburner.com,rmurphyab,Murphy,Roy
58edf486fc13ae0e13000174,pbryantac@vinaora.com,pbryantac,Bryant,Peter
58edf486fc13ae0e13000175,creidad@businessweek.com,creidad,Reid,Cynthia
58edf486fc13ae0e13000176,jgardnerae@home.pl,jgardnerae,Gardner,John
58edf486fc13ae0e13000177,aclarkaf@exblog.jp,aclarkaf,Clark,Annie
58edf486fc13ae0e13000178,jfosterag@hatena.ne.jp,jfosterag,Foster,Jerry
58edf486fc13ae0e13000179,aturnerah@biglobe.ne.jp,aturnerah,Turner,Andrea
58edf486fc13ae0e1300017a,cphillipsai@squidoo.com,cphillipsai,Phillips,Cheryl
58edf486fc13ae0e1300017b,arobertsaj@arizona.edu,arobertsaj,Roberts,Alan
58edf486fc13ae0e1300017c,edunnak@amazonaws.com,edunnak,Dunn,Emily
58edf486fc13ae0e1300017d,stayloral@stumbleupon.com,stayloral,Taylor,Sarah
58edf486fc13ae0e1300017e,lmurrayam@sina.com.cn,lmurrayam,Murray,Larry
58edf486fc13ae0e1300017f,kfernandezan@fema.gov,kfernandezan,Fernandez,Keith
58edf486fc13ae0e13000180,sramosao@devhub.com,sramosao,Ramos,Sarah
58edf486fc13ae0e13000181,rchapmanap@opera.com,rchapmanap,Chapman,Ruby
58edf486fc13ae0e13000182,kmorganaq@purevolume.com,kmorganaq,Morgan,Katherine
58edf486fc13ae0e13000183,redwardsar@ihg.com,redwardsar,Edwards,Raymond
58edf486fc13ae0e13000184,awatsonas@jimdo.com,awatsonas,Watson,Antonio
58edf486fc13ae0e13000185,challat@hhs.gov,challat,Hall,Chris
58edf486fc13ae0e13000186,wpayneau@a8.net,wpayneau,Payne,Wanda
58edf486fc13ae0e13000187,lspencerav@furl.net,lspencerav,Spencer,Linda
58edf486fc13ae0e13000188,crichardsonaw@newsvine.com,crichardsonaw,Richardson,Christina
58edf486fc13ae0e13000189,rruizax@upenn.edu,rruizax,Ruiz,Robert
58edf486fc13ae0e1300018a,jpalmeray@admin.ch,jpalmeray,Palmer,Jean
58edf486fc13ae0e1300018b,nrileyaz@phpbb.com,nrileyaz,Riley,Nicole
58edf486fc13ae0e1300018c,lhicksb0@pbs.org,lhicksb0,Hicks,Louise
58edf486fc13ae0e1300018d,emontgomeryb1@elegantthemes.com,emontgomeryb1,Montgomery,Edward
58edf486fc13ae0e1300018e,bhenryb2@tiny.cc,bhenryb2,Henry,Betty
58edf486fc13ae0e1300018f,rwalkerb3@nationalgeographic.com,rwalkerb3,Walker,Rebecca
58edf486fc13ae0e13000190,jbarnesb4@mozilla.com,jbarnesb4,Barnes,Johnny
58edf486fc13ae0e13000191,lstevensb5@sun.com,lstevensb5,Stevens,Louise
58edf486fc13ae0e13000192,jwashingtonb6@time.com,jwashingtonb6,Washington,Jason
58edf486fc13ae0e13000193,mwoodsb7@phoca.cz,mwoodsb7,Woods,Margaret
58edf486fc13ae0e13000194,dtuckerb8@nih.gov,dtuckerb8,Tucker,Diane
58edf486fc13ae0e13000195,psimmonsb9@privacy.gov.au,psimmonsb9,Simmons,Pamela
58edf486fc13ae0e13000196,csimpsonba@biblegateway.com,csimpsonba,Simpson,Christopher
58edf486fc13ae0e13000197,wriverabb@vk.com,wriverabb,Rivera,William
58edf486fc13ae0e13000198,hhamiltonbc@redcross.org,hhamiltonbc,Hamilton,Harold
58edf486fc13ae0e13000199,bmcdonaldbd@kickstarter.com,bmcdonaldbd,Mcdonald,Barbara
58edf486fc13ae0e1300019a,mrichardsbe@liveinternet.ru,mrichardsbe,Richards,Mary
58edf486fc13ae0e1300019b,ehuntbf@icio.us,ehuntbf,Hunt,Edward
58edf486fc13ae0e1300019c,kandrewsbg@hibu.com,kandrewsbg,Andrews,Karen
58edf486fc13ae0e1300019d,jcollinsbh@weebly.com,jcollinsbh,Collins,Julia
58edf486fc13ae0e1300019e,jmitchellbi@ft.com,jmitchellbi,Mitchell,Juan
58edf486fc13ae0e1300019f,jhunterbj@google.com.hk,jhunterbj,Hunter,John
58edf486fc13ae0e130001a0,mturnerbk@ftc.gov,mturnerbk,Turner,Michelle
58edf486fc13ae0e130001a1,dcookbl@youtube.com,dcookbl,Cook,Deborah
58edf486fc13ae0e130001a2,tlongbm@cargocollective.com,tlongbm,Long,Tammy
58edf486fc13ae0e130001a3,rwoodsbn@spiegel.de,rwoodsbn,Woods,Robert
58edf486fc13ae0e130001a4,rgonzalesbo@canalblog.com,rgonzalesbo,Gonzales,Ruby
58edf486fc13ae0e130001a5,fsnyderbp@noaa.gov,fsnyderbp,Snyder,Fred
58edf486fc13ae0e130001a6,bnguyenbq@twitter.com,bnguyenbq,Nguyen,Bruce
58edf486fc13ae0e130001a7,sraybr@dot.gov,sraybr,Ray,Stephen
58edf486fc13ae0e130001a8,mgardnerbs@homestead.com,mgardnerbs,Gardner,Michael
58edf486fc13ae0e130001a9,bgilbertbt@cnet.com,bgilbertbt,Gilbert,Bruce
58edf486fc13ae0e130001aa,dthompsonbu@vimeo.com,dthompsonbu,Thompson,Deborah
58edf486fc13ae0e130001ab,mryanbv@oakley.com,mryanbv,Ryan,Margaret
58edf486fc13ae0e130001ac,kwarrenbw@microsoft.com,kwarrenbw,Warren,Kimberly
58edf486fc13ae0e130001ad,dryanbx@unc.edu,dryanbx,Ryan,Dennis
58edf486fc13ae0e130001ae,aryanby@techcrunch.com,aryanby,Ryan,Arthur
58edf486fc13ae0e130001af,swatsonbz@oracle.com,swatsonbz,Watson,Steven
58edf486fc13ae0e130001b0,dbishopc0@com.com,dbishopc0,Bishop,Donna
58edf486fc13ae0e130001b1,lgriffinc1@howstuffworks.com,lgriffinc1,Griffin,Laura
58edf486fc13ae0e130001b2,acrawfordc2@utexas.edu,acrawfordc2,Crawford,Ann
58edf486fc13ae0e130001b3,wthomasc3@yolasite.com,wthomasc3,Thomas,Wanda
58edf486fc13ae0e130001b4,jbennettc4@pen.io,jbennettc4,Bennett,Justin
58edf486fc13ae0e130001b5,bhansenc5@webmd.com,bhansenc5,Hansen,Barbara
58edf486fc13ae0e130001b6,kcruzc6@elpais.com,kcruzc6,Cruz,Kathryn
58edf486fc13ae0e130001b7,cwatsonc7@earthlink.net,cwatsonc7,Watson,Christopher
58edf486fc13ae0e130001b8,gfieldsc8@census.gov,gfieldsc8,Fields,Gregory
58edf486fc13ae0e130001b9,pdunnc9@zimbio.com,pdunnc9,Dunn,Phillip
58edf486fc13ae0e130001ba,tbrooksca@amazon.co.jp,tbrooksca,Brooks,Tammy
58edf486fc13ae0e130001bb,ejonescb@quantcast.com,ejonescb,Jones,Elizabeth
58edf486fc13ae0e130001bc,kreynoldscc@fema.gov,kreynoldscc,Reynolds,Kathleen
58edf486fc13ae0e130001bd,bhickscd@tuttocitta.it,bhickscd,Hicks,Benjamin
58edf486fc13ae0e130001be,tphillipsce@ycombinator.com,tphillipsce,Phillips,Tina
58edf486fc13ae0e130001bf,hjonescf@dailymotion.com,hjonescf,Jones,Helen
58edf486fc13ae0e130001c0,jdixoncg@instagram.com,jdixoncg,Dixon,Joshua
58edf486fc13ae0e130001c1,nyoungch@fotki.com,nyoungch,Young,Nicole
58edf486fc13ae0e130001c2,eporterci@infoseek.co.jp,eporterci,Porter,Earl
58edf486fc13ae0e130001c3,bsimpsoncj@cam.ac.uk,bsimpsoncj,Simpson,Beverly
58edf486fc13ae0e130001c4,afisherck@discovery.com,afisherck,Fisher,Anne
58edf486fc13ae0e130001c5,thenrycl@youku.com,thenrycl,Henry,Todd
58edf486fc13ae0e130001c6,chuntcm@nationalgeographic.com,chuntcm,Hunt,Carolyn
58edf486fc13ae0e130001c7,atorrescn@reddit.com,atorrescn,Torres,Angela
58edf486fc13ae0e130001c8,agutierrezco@nymag.com,agutierrezco,Gutierrez,Adam
58edf486fc13ae0e130001c9,bramoscp@microsoft.com,bramoscp,Ramos,Bonnie
58edf486fc13ae0e130001ca,swashingtoncq@weibo.com,swashingtoncq,Washington,Shawn
58edf486fc13ae0e130001cb,ereedcr@wikia.com,ereedcr,Reed,Edward
58edf486fc13ae0e130001cc,nwashingtoncs@statcounter.com,nwashingtoncs,Washington,Norma
58edf486fc13ae0e130001cd,fmoorect@fema.gov,fmoorect,Moore,Frank
58edf486fc13ae0e130001ce,dvasquezcu@github.io,dvasquezcu,Vasquez,Dorothy
58edf486fc13ae0e130001cf,dtaylorcv@army.mil,dtaylorcv,Taylor,David
58edf486fc13ae0e130001d0,sclarkcw@indiatimes.com,sclarkcw,Clark,Shirley
58edf486fc13ae0e130001d1,jlawrencecx@wp.com,jlawrencecx,Lawrence,Jerry
58edf486fc13ae0e130001d2,acarrcy@toplist.cz,acarrcy,Carr,Amy
58edf486fc13ae0e130001d3,cpattersoncz@yahoo.com,cpattersoncz,Patterson,Carl
58edf486fc13ae0e130001d4,pkingd0@seattletimes.com,pkingd0,King,Patricia
58edf486fc13ae0e130001d5,jsimmonsd1@dell.com,jsimmonsd1,Simmons,Jessica
58edf486fc13ae0e130001d6,lpetersond2@stumbleupon.com,lpetersond2,Peterson,Louise
58edf486fc13ae0e130001d7,harnoldd3@wiley.com,harnoldd3,Arnold,Harold
58edf486fc13ae0e130001d8,dellisd4@addthis.com,dellisd4,Ellis,Debra
58edf486fc13ae0e130001d9,efranklind5@scientificamerican.com,efranklind5,Franklin,Eugene
58edf486fc13ae0e130001da,warmstrongd6@examiner.com,warmstrongd6,Armstrong,Walter
58edf486fc13ae0e130001db,dnelsond7@sphinn.com,dnelsond7,Nelson,Diana
58edf486fc13ae0e130001dc,vnelsond8@yahoo.com,vnelsond8,Nelson,Victor
58edf486fc13ae0e130001dd,dcruzd9@blogspot.com,dcruzd9,Cruz,Donna
58edf486fc13ae0e130001de,ipayneda@istockphoto.com,ipayneda,Payne,Irene
58edf486fc13ae0e130001df,vperkinsdb@state.gov,vperkinsdb,Perkins,Virginia
58edf486fc13ae0e130001e0,lryandc@newyorker.com,lryandc,Ryan,Lillian
58edf486fc13ae0e130001e1,cfergusondd@globo.com,cfergusondd,Ferguson,Carolyn
58edf486fc13ae0e130001e2,jrayde@meetup.com,jrayde,Ray,Jack
58edf486fc13ae0e130001e3,lhunterdf@technorati.com,lhunterdf,Hunter,Lisa
58edf486fc13ae0e130001e4,jwarrendg@blinklist.com,jwarrendg,Warren,Jerry
58edf486fc13ae0e130001e5,jgarzadh@spotify.com,jgarzadh,Garza,James
58edf486fc13ae0e130001e6,mgraydi@jalbum.net,mgraydi,Gray,Mark
58edf486fc13ae0e130001e7,sbelldj@myspace.com,sbelldj,Bell,Sharon
58edf486fc13ae0e130001e8,cperezdk@wikipedia.org,cperezdk,Perez,Carolyn
58edf486fc13ae0e130001e9,wjonesdl@unblog.fr,wjonesdl,Jones,Walter
58edf486fc13ae0e130001ea,cjordandm@who.int,cjordandm,Jordan,Craig
58edf486fc13ae0e130001eb,abrowndn@hostgator.com,abrowndn,Brown,Angela
58edf486fc13ae0e130001ec,lgonzalesdo@dion.ne.jp,lgonzalesdo,Gonzales,Lawrence
58edf486fc13ae0e130001ed,nshawdp@livejournal.com,nshawdp,Shaw,Nancy
58edf486fc13ae0e130001ee,mgarciadq@wikimedia.org,mgarciadq,Garcia,Mary
58edf486fc13ae0e130001ef,molsondr@wiley.com,molsondr,Olson,Margaret
58edf486fc13ae0e130001f0,wpattersonds@biblegateway.com,wpattersonds,Patterson,Willie
58edf486fc13ae0e130001f1,mgarrettdt@seattletimes.com,mgarrettdt,Garrett,Margaret
58edf486fc13ae0e130001f2,gjacksondu@purevolume.com,gjacksondu,Jackson,Gerald
58edf486fc13ae0e130001f3,kcoxdv@zdnet.com,kcoxdv,Cox,Kenneth
58edf486fc13ae0e130001f4,hwilliamsondw@noaa.gov,hwilliamsondw,Williamson,Harold
58edf486fc13ae0e130001f5,trichardsondx@dyndns.org,trichardsondx,Richardson,Theresa
58edf486fc13ae0e130001f6,mcoxdy@apple.com,mcoxdy,Cox,Michelle
58edf486fc13ae0e130001f7,dhenrydz@indiegogo.com,dhenrydz,Henry,Daniel
58edf486fc13ae0e130001f8,ddeane0@vistaprint.com,ddeane0,Dean,Deborah
58edf486fc13ae0e130001f9,rkelleye1@1und1.de,rkelleye1,Kelley,Russell
58edf486fc13ae0e130001fa,pschmidte2@answers.com,pschmidte2,Schmidt,Peter
58edf486fc13ae0e130001fb,gtorrese3@bloglovin.com,gtorrese3,Torres,Gloria
58edf486fc13ae0e130001fc,ngutierreze4@istockphoto.com,ngutierreze4,Gutierrez,Norma
58edf486fc13ae0e130001fd,mmillere5@berkeley.edu,mmillere5,Miller,Marie
58edf486fc13ae0e130001fe,mruize6@ocn.ne.jp,mruize6,Ruiz,Mark
58edf486fc13ae0e130001ff,nwagnere7@topsy.com,nwagnere7,Wagner,Norma
58edf486fc13ae0e13000200,bbrowne8@sina.com.cn,bbrowne8,Brown,Brian
58edf486fc13ae0e13000201,solsone9@google.es,solsone9,Olson,Shirley
58edf486fc13ae0e13000202,bgomezea@google.com.hk,bgomezea,Gomez,Bruce
58edf486fc13ae0e13000203,hbarneseb@cornell.edu,hbarneseb,Barnes,Henry
58edf486fc13ae0e13000204,thunterec@newsvine.com,thunterec,Hunter,Tammy
58edf486fc13ae0e13000205,vrobertsed@networksolutions.com,vrobertsed,Roberts,Virginia
58edf486fc13ae0e13000206,fwallaceee@issuu.com,fwallaceee,Wallace,Frances
58edf486fc13ae0e13000207,jmooreef@sogou.com,jmooreef,Moore,Jesse
58edf486fc13ae0e13000208,acoxeg@unicef.org,acoxeg,Cox,Alice
58edf486fc13ae0e13000209,dfergusoneh@spiegel.de,dfergusoneh,Ferguson,Donna
58edf486fc13ae0e1300020a,jhicksei@wordpress.com,jhicksei,Hicks,John
58edf486fc13ae0e1300020b,kdayej@archive.org,kdayej,Day,Kimberly
58edf486fc13ae0e1300020c,pspencerek@php.net,pspencerek,Spencer,Pamela
58edf486fc13ae0e1300020d,grayel@alexa.com,grayel,Ray,Gloria
58edf486fc13ae0e1300020e,jlewisem@thetimes.co.uk,jlewisem,Lewis,Judy
58edf486fc13ae0e1300020f,mwallaceen@yahoo.com,mwallaceen,Wallace,Mary
58edf486fc13ae0e13000210,cryaneo@fastcompany.com,cryaneo,Ryan,Carolyn
58edf486fc13ae0e13000211,portizep@typepad.com,portizep,Ortiz,Philip
58edf486fc13ae0e13000212,cdunneq@nps.gov,cdunneq,Dunn,Charles
58edf486fc13ae0e13000213,candrewser@discuz.net,candrewser,Andrews,Carlos
58edf486fc13ae0e13000214,acolees@reddit.com,acolees,Cole,Antonio
58edf486fc13ae0e13000215,kgordonet@xinhuanet.com,kgordonet,Gordon,Kelly
58edf486fc13ae0e13000216,redwardseu@usgs.gov,redwardseu,Edwards,Russell
58edf486fc13ae0e13000217,clawsonev@sun.com,clawsonev,Lawson,Chris
58edf486fc13ae0e13000218,jgreenew@delicious.com,jgreenew,Green,Jimmy
58edf486fc13ae0e13000219,pramirezex@jigsy.com,pramirezex,Ramirez,Pamela
58edf486fc13ae0e1300021a,sgilbertey@si.edu,sgilbertey,Gilbert,Steven
58edf486fc13ae0e1300021b,rwagnerez@ning.com,rwagnerez,Wagner,Russell
58edf486fc13ae0e1300021c,dbradleyf0@mail.ru,dbradleyf0,Bradley,Dennis
58edf486fc13ae0e1300021d,greyesf1@jalbum.net,greyesf1,Reyes,Gregory
58edf486fc13ae0e1300021e,bhenryf2@nih.gov,bhenryf2,Henry,Bruce
58edf486fc13ae0e1300021f,radamsf3@delicious.com,radamsf3,Adams,Robert
58edf486fc13ae0e13000220,dpaynef4@github.com,dpaynef4,Payne,Douglas
58edf486fc13ae0e13000221,mhillf5@dmoz.org,mhillf5,Hill,Maria
58edf486fc13ae0e13000222,crogersf6@netvibes.com,crogersf6,Rogers,Catherine
58edf486fc13ae0e13000223,spowellf7@admin.ch,spowellf7,Powell,Sandra
58edf486fc13ae0e13000224,hsimpsonf8@berkeley.edu,hsimpsonf8,Simpson,Harold
58edf486fc13ae0e13000225,sfowlerf9@shareasale.com,sfowlerf9,Fowler,Susan
58edf486fc13ae0e13000226,lruizfa@pen.io,lruizfa,Ruiz,Lisa
58edf486fc13ae0e13000227,emyersfb@themeforest.net,emyersfb,Myers,Eric
58edf486fc13ae0e13000228,jturnerfc@wufoo.com,jturnerfc,Turner,Jean
58edf486fc13ae0e13000229,twrightfd@mashable.com,twrightfd,Wright,Todd
58edf486fc13ae0e1300022a,ptaylorfe@godaddy.com,ptaylorfe,Taylor,Peter
58edf486fc13ae0e1300022b,jphillipsff@tuttocitta.it,jphillipsff,Phillips,Jesse
58edf486fc13ae0e1300022c,pstanleyfg@about.com,pstanleyfg,Stanley,Patricia
58edf486fc13ae0e1300022d,jwhitefh@jimdo.com,jwhitefh,White,Judith
58edf486fc13ae0e1300022e,bhunterfi@netscape.com,bhunterfi,Hunter,Beverly
58edf486fc13ae0e1300022f,lelliottfj@wisc.edu,lelliottfj,Elliott,Lori
58edf486fc13ae0e13000230,hjamesfk@vimeo.com,hjamesfk,James,Heather
58edf486fc13ae0e13000231,lfrazierfl@canalblog.com,lfrazierfl,Frazier,Linda
58edf486fc13ae0e13000232,bjacksonfm@yellowpages.com,bjacksonfm,Jackson,Barbara
58edf486fc13ae0e13000233,ewashingtonfn@nbcnews.com,ewashingtonfn,Washington,Edward
58edf486fc13ae0e13000234,nstewartfo@yahoo.co.jp,nstewartfo,Stewart,Nicholas
58edf486fc13ae0e13000235,jrobertsonfp@gmpg.org,jrobertsonfp,Robertson,Justin
58edf486fc13ae0e13000236,phillfq@clickbank.net,phillfq,Hill,Phyllis
58edf486fc13ae0e13000237,pgrahamfr@harvard.edu,pgrahamfr,Graham,Paul
58edf486fc13ae0e13000238,kcrawfordfs@microsoft.com,kcrawfordfs,Crawford,Kathleen
58edf486fc13ae0e13000239,ahansenft@nsw.gov.au,ahansenft,Hansen,Anne
58edf486fc13ae0e1300023a,trichardsonfu@free.fr,trichardsonfu,Richardson,Tina
58edf486fc13ae0e1300023b,atorresfv@ucla.edu,atorresfv,Torres,Amanda
58edf486fc13ae0e1300023c,afernandezfw@stanford.edu,afernandezfw,Fernandez,Ann
58edf486fc13ae0e1300023d,agarzafx@mashable.com,agarzafx,Garza,Albert
58edf486fc13ae0e1300023e,dhamiltonfy@parallels.com,dhamiltonfy,Hamilton,Dennis
58edf486fc13ae0e1300023f,dcoxfz@blogtalkradio.com,dcoxfz,Cox,Denise
58edf486fc13ae0e13000240,kchapmang0@reverbnation.com,kchapmang0,Chapman,Katherine
58edf486fc13ae0e13000241,hfieldsg1@latimes.com,hfieldsg1,Fields,Helen
58edf486fc13ae0e13000242,rkelleyg2@cbsnews.com,rkelleyg2,Kelley,Robert
58edf486fc13ae0e13000243,hbradleyg3@soundcloud.com,hbradleyg3,Bradley,Helen
58edf486fc13ae0e13000244,jmasong4@mapy.cz,jmasong4,Mason,Jacqueline
58edf486fc13ae0e13000245,aleeg5@creativecommons.org,aleeg5,Lee,Adam
58edf486fc13ae0e13000246,jbishopg6@smugmug.com,jbishopg6,Bishop,Joe
58edf486fc13ae0e13000247,mgutierrezg7@usatoday.com,mgutierrezg7,Gutierrez,Mark
58edf486fc13ae0e13000248,vwagnerg8@zimbio.com,vwagnerg8,Wagner,Virginia
58edf486fc13ae0e13000249,psnyderg9@last.fm,psnyderg9,Snyder,Peter
58edf486fc13ae0e1300024a,jmurrayga@marketwatch.com,jmurrayga,Murray,Judy
58edf486fc13ae0e1300024b,gmendozagb@github.com,gmendozagb,Mendoza,Gregory
58edf486fc13ae0e1300024c,bandrewsgc@vinaora.com,bandrewsgc,Andrews,Benjamin
58edf486fc13ae0e1300024d,rthomasgd@washingtonpost.com,rthomasgd,Thomas,Russell
58edf486fc13ae0e1300024e,fmatthewsge@cbslocal.com,fmatthewsge,Matthews,Frances
58edf486fc13ae0e1300024f,fedwardsgf@privacy.gov.au,fedwardsgf,Edwards,Fred
58edf486fc13ae0e13000250,nsullivangg@slashdot.org,nsullivangg,Sullivan,Nicholas
58edf486fc13ae0e13000251,lgrantgh@zimbio.com,lgrantgh,Grant,Lawrence
58edf486fc13ae0e13000252,tcampbellgi@parallels.com,tcampbellgi,Campbell,Thomas
58edf486fc13ae0e13000253,dkinggj@wikipedia.org,dkinggj,King,Douglas
58edf486fc13ae0e13000254,jfordgk@360.cn,jfordgk,Ford,Julia
58edf486fc13ae0e13000255,cgeorgegl@indiegogo.com,cgeorgegl,George,Cheryl
58edf486fc13ae0e13000256,dbarnesgm@cafepress.com,dbarnesgm,Barnes,Douglas
58edf486fc13ae0e13000257,jparkergn@umich.edu,jparkergn,Parker,Jimmy
58edf486fc13ae0e13000258,jraygo@a8.net,jraygo,Ray,Juan
58edf486fc13ae0e13000259,rkennedygp@scientificamerican.com,rkennedygp,Kennedy,Ryan
58edf486fc13ae0e1300025a,lgarciagq@soundcloud.com,lgarciagq,Garcia,Linda
58edf486fc13ae0e1300025b,bburtongr@weebly.com,bburtongr,Burton,Benjamin
58edf487fc13ae0e1300025c,lclarkgs@fc2.com,lclarkgs,Clark,Lois
58edf487fc13ae0e1300025d,wwebbgt@jalbum.net,wwebbgt,Webb,William
58edf487fc13ae0e1300025e,jgarzagu@blogger.com,jgarzagu,Garza,Juan
58edf487fc13ae0e1300025f,jwillisgv@etsy.com,jwillisgv,Willis,Jason
58edf487fc13ae0e13000260,jbarnesgw@newyorker.com,jbarnesgw,Barnes,John
58edf487fc13ae0e13000261,twallacegx@hibu.com,twallacegx,Wallace,Thomas
58edf487fc13ae0e13000262,jmontgomerygy@cnet.com,jmontgomerygy,Montgomery,Joe
58edf487fc13ae0e13000263,lrobertsongz@usda.gov,lrobertsongz,Robertson,Lawrence
58edf487fc13ae0e13000264,dbrownh0@artisteer.com,dbrownh0,Brown,Donald
58edf487fc13ae0e13000265,vhansonh1@opera.com,vhansonh1,Hanson,Virginia
58edf487fc13ae0e13000266,tthompsonh2@livejournal.com,tthompsonh2,Thompson,Terry
58edf487fc13ae0e13000267,mdeanh3@mtv.com,mdeanh3,Dean,Melissa
58edf487fc13ae0e13000268,jstevensh4@yelp.com,jstevensh4,Stevens,Jose
58edf487fc13ae0e13000269,jchavezh5@newsvine.com,jchavezh5,Chavez,Jimmy
58edf487fc13ae0e1300026a,amorenoh6@timesonline.co.uk,amorenoh6,Moreno,Albert
58edf487fc13ae0e1300026b,jellish7@alibaba.com,jellish7,Ellis,Jose
58edf487fc13ae0e1300026c,eedwardsh8@jalbum.net,eedwardsh8,Edwards,Evelyn
58edf487fc13ae0e1300026d,jmillerh9@bloglines.com,jmillerh9,Miller,Janice
58edf487fc13ae0e1300026e,gfieldsha@i2i.jp,gfieldsha,Fields,Gerald
58edf487fc13ae0e1300026f,aandersonhb@umn.edu,aandersonhb,Anderson,Arthur
58edf487fc13ae0e13000270,ckinghc@webmd.com,ckinghc,King,Christopher
58edf487fc13ae0e13000271,schavezhd@apache.org,schavezhd,Chavez,Steven
58edf487fc13ae0e13000272,rcampbellhe@phoca.cz,rcampbellhe,Campbell,Roger
58edf487fc13ae0e13000273,sfergusonhf@ustream.tv,sfergusonhf,Ferguson,Stephanie
58edf487fc13ae0e13000274,ccookhg@freewebs.com,ccookhg,Cook,Cheryl
58edf487fc13ae0e13000275,kharveyhh@ihg.com,kharveyhh,Harvey,Karen
58edf487fc13ae0e13000276,jperkinshi@opera.com,jperkinshi,Perkins,Judith
58edf487fc13ae0e13000277,nhunthj@weebly.com,nhunthj,Hunt,Norma
58edf487fc13ae0e13000278,staylorhk@histats.com,staylorhk,Taylor,Sean
58edf487fc13ae0e13000279,rmontgomeryhl@thetimes.co.uk,rmontgomeryhl,Montgomery,Raymond
58edf487fc13ae0e1300027a,garmstronghm@blinklist.com,garmstronghm,Armstrong,Gloria
58edf487fc13ae0e1300027b,schavezhn@ameblo.jp,schavezhn,Chavez,Stephanie
58edf487fc13ae0e1300027c,jmillsho@devhub.com,jmillsho,Mills,Jerry
58edf487fc13ae0e1300027d,fmoraleshp@reference.com,fmoraleshp,Morales,Frances
58edf487fc13ae0e1300027e,gwoodshq@bing.com,gwoodshq,Woods,Gregory
58edf487fc13ae0e1300027f,erodriguezhr@plala.or.jp,erodriguezhr,Rodriguez,Eugene
58edf487fc13ae0e13000280,dgilberths@e-recht24.de,dgilberths,Gilbert,Daniel
58edf487fc13ae0e13000281,aowensht@bbb.org,aowensht,Owens,Annie
58edf487fc13ae0e13000282,rwhitehu@drupal.org,rwhitehu,White,Russell
58edf487fc13ae0e13000283,jparkerhv@house.gov,jparkerhv,Parker,Jeremy
58edf487fc13ae0e13000284,lramoshw@stanford.edu,lramoshw,Ramos,Lillian
58edf487fc13ae0e13000285,aclarkhx@myspace.com,aclarkhx,Clark,Andrea
58edf487fc13ae0e13000286,bmillerhy@marketwatch.com,bmillerhy,Miller,Brian
58edf487fc13ae0e13000287,mhenryhz@dropbox.com,mhenryhz,Henry,Michael
58edf487fc13ae0e13000288,rpaynei0@xinhuanet.com,rpaynei0,Payne,Richard
58edf487fc13ae0e13000289,erileyi1@discuz.net,erileyi1,Riley,Earl
58edf487fc13ae0e1300028a,lramosi2@springer.com,lramosi2,Ramos,Lori
58edf487fc13ae0e1300028b,jphillipsi3@ovh.net,jphillipsi3,Phillips,Joe
58edf487fc13ae0e1300028c,dcunninghami4@netscape.com,dcunninghami4,Cunningham,Dorothy
58edf487fc13ae0e1300028d,tcastilloi5@indiegogo.com,tcastilloi5,Castillo,Todd
58edf487fc13ae0e1300028e,hlawrencei6@wix.com,hlawrencei6,Lawrence,Heather
58edf487fc13ae0e1300028f,rlawrencei7@xrea.com,rlawrencei7,Lawrence,Russell
58edf487fc13ae0e13000290,aharperi8@bravesites.com,aharperi8,Harper,Ann
58edf487fc13ae0e13000291,alewisi9@umn.edu,alewisi9,Lewis,Albert
58edf487fc13ae0e13000292,eturneria@rediff.com,eturneria,Turner,Edward
58edf487fc13ae0e13000293,hbakerib@diigo.com,hbakerib,Baker,Helen
58edf487fc13ae0e13000294,dfreemanic@ycombinator.com,dfreemanic,Freeman,Douglas
58edf487fc13ae0e13000295,dhuntid@europa.eu,dhuntid,Hunt,Diana
58edf487fc13ae0e13000296,rstevensie@networksolutions.com,rstevensie,Stevens,Rachel
58edf487fc13ae0e13000297,swarrenif@paginegialle.it,swarrenif,Warren,Susan
58edf487fc13ae0e13000298,sfisherig@furl.net,sfisherig,Fisher,Sharon
58edf487fc13ae0e13000299,brobinsonih@scientificamerican.com,brobinsonih,Robinson,Betty
58edf487fc13ae0e1300029a,sstewartii@google.com.hk,sstewartii,Stewart,Stephanie
58edf487fc13ae0e1300029b,sperezij@twitter.com,sperezij,Perez,Scott
58edf487fc13ae0e1300029c,clynchik@goo.ne.jp,clynchik,Lynch,Christine
58edf487fc13ae0e1300029d,ebennettil@xinhuanet.com,ebennettil,Bennett,Elizabeth
58edf487fc13ae0e1300029e,ksanchezim@usatoday.com,ksanchezim,Sanchez,Katherine
58edf487fc13ae0e1300029f,hgriffinin@dagondesign.com,hgriffinin,Griffin,Henry
58edf487fc13ae0e130002a0,aadamsio@ucsd.edu,aadamsio,Adams,Andrea
58edf487fc13ae0e130002a1,jcunninghamip@marriott.com,jcunninghamip,Cunningham,Juan
58edf487fc13ae0e130002a2,mcolemaniq@wired.com,mcolemaniq,Coleman,Marilyn
58edf487fc13ae0e130002a3,hsimpsonir@delicious.com,hsimpsonir,Simpson,Howard
58edf487fc13ae0e130002a4,mmccoyis@shinystat.com,mmccoyis,Mccoy,Matthew
58edf487fc13ae0e130002a5,cwarrenit@4shared.com,cwarrenit,Warren,Carlos
58edf487fc13ae0e130002a6,rstanleyiu@va.gov,rstanleyiu,Stanley,Robin
58edf487fc13ae0e130002a7,mhudsoniv@archive.org,mhudsoniv,Hudson,Michael
58edf487fc13ae0e130002a8,dboydiw@surveymonkey.com,dboydiw,Boyd,Doris
58edf487fc13ae0e130002a9,tsmithix@weibo.com,tsmithix,Smith,Thomas
58edf487fc13ae0e130002aa,dmendozaiy@miibeian.gov.cn,dmendozaiy,Mendoza,Doris
58edf487fc13ae0e130002ab,tmorrisoniz@cisco.com,tmorrisoniz,Morrison,Tammy
58edf487fc13ae0e130002ac,skellyj0@samsung.com,skellyj0,Kelly,Samuel
58edf487fc13ae0e130002ad,kcarrj1@archive.org,kcarrj1,Carr,Keith
58edf487fc13ae0e130002ae,breidj2@jimdo.com,breidj2,Reid,Beverly
58edf487fc13ae0e130002af,arayj3@mediafire.com,arayj3,Ray,Anna
58edf487fc13ae0e130002b0,awellsj4@indiegogo.com,awellsj4,Wells,Anna
58edf487fc13ae0e130002b1,dgutierrezj5@buzzfeed.com,dgutierrezj5,Gutierrez,Dennis
58edf487fc13ae0e130002b2,tallenj6@china.com.cn,tallenj6,Allen,Terry
58edf487fc13ae0e130002b3,bhicksj7@cornell.edu,bhicksj7,Hicks,Beverly
58edf487fc13ae0e130002b4,nelliottj8@seesaa.net,nelliottj8,Elliott,Nicole
58edf487fc13ae0e130002b5,ahartj9@vimeo.com,ahartj9,Hart,Aaron
58edf487fc13ae0e130002b6,gharrisonja@google.pl,gharrisonja,Harrison,Gary
58edf487fc13ae0e130002b7,aparkerjb@networksolutions.com,aparkerjb,Parker,Adam
58edf487fc13ae0e130002b8,dlanejc@exblog.jp,dlanejc,Lane,Dorothy
58edf487fc13ae0e130002b9,ichavezjd@gizmodo.com,ichavezjd,Chavez,Irene
58edf487fc13ae0e130002ba,bmurphyje@msu.edu,bmurphyje,Murphy,Benjamin
58edf487fc13ae0e130002bb,jdeanjf@meetup.com,jdeanjf,Dean,Jean
58edf487fc13ae0e130002bc,rhendersonjg@naver.com,rhendersonjg,Henderson,Ryan
58edf487fc13ae0e130002bd,mkingjh@cmu.edu,mkingjh,King,Matthew
58edf487fc13ae0e130002be,psnyderji@domainmarket.com,psnyderji,Snyder,Phyllis
58edf487fc13ae0e130002bf,cmatthewsjj@wikipedia.org,cmatthewsjj,Matthews,Charles
58edf487fc13ae0e130002c0,ehughesjk@a8.net,ehughesjk,Hughes,Eugene
58edf487fc13ae0e130002c1,stuckerjl@360.cn,stuckerjl,Tucker,Susan
58edf487fc13ae0e130002c2,rdayjm@bravesites.com,rdayjm,Day,Roger
58edf487fc13ae0e130002c3,tcoxjn@rambler.ru,tcoxjn,Cox,Thomas
58edf487fc13ae0e130002c4,apricejo@moonfruit.com,apricejo,Price,Andrew
58edf487fc13ae0e130002c5,gowensjp@auda.org.au,gowensjp,Owens,George
58edf487fc13ae0e130002c6,kolsonjq@hhs.gov,kolsonjq,Olson,Kathryn
58edf487fc13ae0e130002c7,lmorrisonjr@theglobeandmail.com,lmorrisonjr,Morrison,Linda
58edf487fc13ae0e130002c8,clittlejs@hao123.com,clittlejs,Little,Carl
58edf487fc13ae0e130002c9,kfernandezjt@de.vu,kfernandezjt,Fernandez,Kathryn
58edf487fc13ae0e130002ca,kburkeju@rediff.com,kburkeju,Burke,Karen
58edf487fc13ae0e130002cb,jsullivanjv@chicagotribune.com,jsullivanjv,Sullivan,Julia
58edf487fc13ae0e130002cc,cfowlerjw@hexun.com,cfowlerjw,Fowler,Christopher
58edf487fc13ae0e130002cd,bcolemanjx@angelfire.com,bcolemanjx,Coleman,Barbara
58edf487fc13ae0e130002ce,lfieldsjy@51.la,lfieldsjy,Fields,Louis
58edf487fc13ae0e130002cf,rdavisjz@bbb.org,rdavisjz,Davis,Raymond
58edf487fc13ae0e130002d0,jmendozak0@meetup.com,jmendozak0,Mendoza,Jose
58edf487fc13ae0e130002d1,dfordk1@arstechnica.com,dfordk1,Ford,Debra
58edf487fc13ae0e130002d2,rturnerk2@a8.net,rturnerk2,Turner,Ruby
58edf487fc13ae0e130002d3,kstewartk3@myspace.com,kstewartk3,Stewart,Katherine
58edf487fc13ae0e130002d4,jcarrollk4@eepurl.com,jcarrollk4,Carroll,Juan
58edf487fc13ae0e130002d5,smasonk5@cafepress.com,smasonk5,Mason,Sharon
58edf487fc13ae0e130002d6,pwilliamsonk6@un.org,pwilliamsonk6,Williamson,Philip
58edf487fc13ae0e130002d7,prayk7@issuu.com,prayk7,Ray,Pamela
58edf487fc13ae0e130002d8,bwardk8@rambler.ru,bwardk8,Ward,Barbara
58edf487fc13ae0e130002d9,jrichardsonk9@blogspot.com,jrichardsonk9,Richardson,Jonathan
58edf487fc13ae0e130002da,rcrawfordka@edublogs.org,rcrawfordka,Crawford,Ralph
58edf487fc13ae0e130002db,callenkb@wikispaces.com,callenkb,Allen,Christopher
58edf487fc13ae0e130002dc,csanchezkc@bluehost.com,csanchezkc,Sanchez,Carlos
58edf487fc13ae0e130002dd,wmillerkd@google.com.au,wmillerkd,Miller,Willie
58edf487fc13ae0e130002de,jbakerke@scientificamerican.com,jbakerke,Baker,Judy
58edf487fc13ae0e130002df,edunnkf@meetup.com,edunnkf,Dunn,Edward
58edf487fc13ae0e130002e0,bcruzkg@engadget.com,bcruzkg,Cruz,Barbara
58edf487fc13ae0e130002e1,cyoungkh@issuu.com,cyoungkh,Young,Cynthia
58edf487fc13ae0e130002e2,nbrookski@bluehost.com,nbrookski,Brooks,Nicole
58edf487fc13ae0e130002e3,jgarzakj@odnoklassniki.ru,jgarzakj,Garza,Jason
58edf487fc13ae0e130002e4,probinsonkk@bizjournals.com,probinsonkk,Robinson,Patrick
58edf487fc13ae0e130002e5,agarciakl@nymag.com,agarciakl,Garcia,Amy
58edf487fc13ae0e130002e6,mjohnstonkm@businessweek.com,mjohnstonkm,Johnston,Maria
58edf487fc13ae0e130002e7,wclarkkn@nps.gov,wclarkkn,Clark,William
58edf487fc13ae0e130002e8,jmorrisonko@shop-pro.jp,jmorrisonko,Morrison,Jerry
58edf487fc13ae0e130002e9,sarnoldkp@cnn.com,sarnoldkp,Arnold,Stephanie
58edf487fc13ae0e130002ea,jriverakq@indiegogo.com,jriverakq,Rivera,Janet
58edf487fc13ae0e130002eb,acolekr@about.com,acolekr,Cole,Antonio
58edf487fc13ae0e130002ec,rweaverks@ted.com,rweaverks,Weaver,Ronald
58edf487fc13ae0e130002ed,gsanderskt@1und1.de,gsanderskt,Sanders,Gerald
58edf487fc13ae0e130002ee,crichardsonku@house.gov,crichardsonku,Richardson,Christine
58edf487fc13ae0e130002ef,jphillipskv@nhs.uk,jphillipskv,Phillips,Joyce
58edf487fc13ae0e130002f0,jhallkw@jugem.jp,jhallkw,Hall,Juan
58edf487fc13ae0e130002f1,spetersonkx@microsoft.com,spetersonkx,Peterson,Steven
58edf487fc13ae0e130002f2,tbutlerky@wp.com,tbutlerky,Butler,Tina
58edf487fc13ae0e130002f3,jwashingtonkz@eepurl.com,jwashingtonkz,Washington,Juan
58edf487fc13ae0e130002f4,sburtonl0@howstuffworks.com,sburtonl0,Burton,Sandra
58edf487fc13ae0e130002f5,bstevensl1@a8.net,bstevensl1,Stevens,Brian
58edf487fc13ae0e130002f6,alynchl2@nytimes.com,alynchl2,Lynch,Anna
58edf487fc13ae0e130002f7,kalvarezl3@samsung.com,kalvarezl3,Alvarez,Kenneth
58edf487fc13ae0e130002f8,cbryantl4@freewebs.com,cbryantl4,Bryant,Charles
58edf487fc13ae0e130002f9,hstewartl5@geocities.jp,hstewartl5,Stewart,Henry
58edf487fc13ae0e130002fa,jmorrisonl6@answers.com,jmorrisonl6,Morrison,Joshua
58edf487fc13ae0e130002fb,crogersl7@symantec.com,crogersl7,Rogers,Chris
58edf487fc13ae0e130002fc,wrossl8@merriam-webster.com,wrossl8,Ross,William
58edf487fc13ae0e130002fd,mtuckerl9@huffingtonpost.com,mtuckerl9,Tucker,Melissa
58edf487fc13ae0e130002fe,jfoxla@fema.gov,jfoxla,Fox,Jonathan
58edf487fc13ae0e130002ff,nmorrisonlb@netscape.com,nmorrisonlb,Morrison,Norma
58edf487fc13ae0e13000300,nmorganlc@earthlink.net,nmorganlc,Morgan,Nicholas
58edf487fc13ae0e13000301,lbishopld@netlog.com,lbishopld,Bishop,Lisa
58edf487fc13ae0e13000302,ereyesle@canalblog.com,ereyesle,Reyes,Earl
58edf487fc13ae0e13000303,tlewislf@com.com,tlewislf,Lewis,Timothy
58edf487fc13ae0e13000304,rmoraleslg@naver.com,rmoraleslg,Morales,Ryan
58edf487fc13ae0e13000305,pmurraylh@spiegel.de,pmurraylh,Murray,Philip
58edf487fc13ae0e13000306,ngreeneli@ow.ly,ngreeneli,Greene,Nancy
58edf487fc13ae0e13000307,balvarezlj@nhs.uk,balvarezlj,Alvarez,Brian
58edf487fc13ae0e13000308,kmillerlk@vkontakte.ru,kmillerlk,Miller,Kevin
58edf487fc13ae0e13000309,wfrazierll@boston.com,wfrazierll,Frazier,William
58edf487fc13ae0e1300030a,tsanderslm@edublogs.org,tsanderslm,Sanders,Tammy
58edf487fc13ae0e1300030b,bgarrettln@fc2.com,bgarrettln,Garrett,Barbara
58edf487fc13ae0e1300030c,blawrencelo@weebly.com,blawrencelo,Lawrence,Beverly
58edf487fc13ae0e1300030d,dboydlp@jalbum.net,dboydlp,Boyd,Dennis
58edf487fc13ae0e1300030e,gdunnlq@unesco.org,gdunnlq,Dunn,Gary
58edf487fc13ae0e1300030f,ghernandezlr@de.vu,ghernandezlr,Hernandez,Gregory
58edf487fc13ae0e13000310,smeyerls@washingtonpost.com,smeyerls,Meyer,Sandra
58edf487fc13ae0e13000311,edixonlt@aboutads.info,edixonlt,Dixon,Evelyn
58edf487fc13ae0e13000312,dcrawfordlu@alibaba.com,dcrawfordlu,Crawford,Doris
58edf487fc13ae0e13000313,bbryantlv@engadget.com,bbryantlv,Bryant,Bonnie
58edf487fc13ae0e13000314,dortizlw@ox.ac.uk,dortizlw,Ortiz,Diana
58edf487fc13ae0e13000315,pschmidtlx@addthis.com,pschmidtlx,Schmidt,Phillip
58edf487fc13ae0e13000316,lmoralesly@dagondesign.com,lmoralesly,Morales,Larry
58edf487fc13ae0e13000317,rhawkinslz@51.la,rhawkinslz,Hawkins,Roy
58edf487fc13ae0e13000318,rortizm0@discovery.com,rortizm0,Ortiz,Ralph
58edf487fc13ae0e13000319,mhayesm1@ed.gov,mhayesm1,Hayes,Michelle
58edf487fc13ae0e1300031a,jlawrencem2@lycos.com,jlawrencem2,Lawrence,Joseph
58edf487fc13ae0e1300031b,tdanielsm3@hc360.com,tdanielsm3,Daniels,Todd
58edf487fc13ae0e1300031c,ewatsonm4@altervista.org,ewatsonm4,Watson,Earl
58edf487fc13ae0e1300031d,pburtonm5@amazonaws.com,pburtonm5,Burton,Phyllis
58edf487fc13ae0e1300031e,darnoldm6@zimbio.com,darnoldm6,Arnold,Douglas
58edf487fc13ae0e1300031f,ebowmanm7@accuweather.com,ebowmanm7,Bowman,Eric
58edf487fc13ae0e13000320,gbutlerm8@cnbc.com,gbutlerm8,Butler,George
58edf487fc13ae0e13000321,kjenkinsm9@dyndns.org,kjenkinsm9,Jenkins,Kimberly
58edf487fc13ae0e13000322,jmorganma@instagram.com,jmorganma,Morgan,Janet
58edf487fc13ae0e13000323,hburkemb@netvibes.com,hburkemb,Burke,Helen
58edf487fc13ae0e13000324,kmitchellmc@facebook.com,kmitchellmc,Mitchell,Keith
58edf487fc13ae0e13000325,walvarezmd@163.com,walvarezmd,Alvarez,Willie
58edf487fc13ae0e13000326,wbishopme@google.ru,wbishopme,Bishop,Walter
58edf487fc13ae0e13000327,tstanleymf@gravatar.com,tstanleymf,Stanley,Tammy
58edf487fc13ae0e13000328,rtuckermg@drupal.org,rtuckermg,Tucker,Raymond
58edf487fc13ae0e13000329,mbennettmh@mayoclinic.com,mbennettmh,Bennett,Martha
58edf487fc13ae0e1300032a,cpattersonmi@discovery.com,cpattersonmi,Patterson,Craig
58edf487fc13ae0e1300032b,rharpermj@patch.com,rharpermj,Harper,Ruby
58edf487fc13ae0e1300032c,jstephensmk@example.com,jstephensmk,Stephens,Jose
58edf487fc13ae0e1300032d,hleeml@va.gov,hleeml,Lee,Harold
58edf487fc13ae0e1300032e,paustinmm@diigo.com,paustinmm,Austin,Pamela
58edf487fc13ae0e1300032f,jreidmn@tmall.com,jreidmn,Reid,James
58edf487fc13ae0e13000330,bleemo@jugem.jp,bleemo,Lee,Brandon
58edf487fc13ae0e13000331,sdixonmp@cbsnews.com,sdixonmp,Dixon,Sarah
58edf487fc13ae0e13000332,cwilsonmq@paginegialle.it,cwilsonmq,Wilson,Christopher
58edf487fc13ae0e13000333,jreidmr@mail.ru,jreidmr,Reid,Judith
58edf487fc13ae0e13000334,ecookms@irs.gov,ecookms,Cook,Evelyn
58edf487fc13ae0e13000335,tcunninghammt@theatlantic.com,tcunninghammt,Cunningham,Theresa
58edf487fc13ae0e13000336,jarmstrongmu@economist.com,jarmstrongmu,Armstrong,Janice
58edf487fc13ae0e13000337,srobertsonmv@yellowbook.com,srobertsonmv,Robertson,Scott
58edf487fc13ae0e13000338,jweavermw@sciencedaily.com,jweavermw,Weaver,Joe
58edf487fc13ae0e13000339,dstewartmx@blogger.com,dstewartmx,Stewart,Deborah
58edf487fc13ae0e1300033a,rchapmanmy@linkedin.com,rchapmanmy,Chapman,Roger
58edf487fc13ae0e1300033b,candersonmz@ow.ly,candersonmz,Anderson,Clarence
58edf487fc13ae0e1300033c,jwilliamsn0@1und1.de,jwilliamsn0,Williams,Julia
58edf487fc13ae0e1300033d,egomezn1@amazon.co.uk,egomezn1,Gomez,Emily
58edf487fc13ae0e1300033e,mmorgann2@pinterest.com,mmorgann2,Morgan,Michelle
58edf487fc13ae0e1300033f,gfishern3@google.cn,gfishern3,Fisher,Gloria
58edf487fc13ae0e13000340,alopezn4@blogtalkradio.com,alopezn4,Lopez,Anne
58edf487fc13ae0e13000341,bwillisn5@nps.gov,bwillisn5,Willis,Beverly
58edf487fc13ae0e13000342,ldanielsn6@sphinn.com,ldanielsn6,Daniels,Lawrence
58edf487fc13ae0e13000343,pmoralesn7@irs.gov,pmoralesn7,Morales,Patrick
58edf487fc13ae0e13000344,kgreenn8@buzzfeed.com,kgreenn8,Green,Kathryn
58edf487fc13ae0e13000345,mandersonn9@multiply.com,mandersonn9,Anderson,Michael
58edf487fc13ae0e13000346,ghernandezna@wired.com,ghernandezna,Hernandez,George
58edf487fc13ae0e13000347,cscottnb@statcounter.com,cscottnb,Scott,Cheryl
58edf487fc13ae0e13000348,jfloresnc@privacy.gov.au,jfloresnc,Flores,Julie
58edf487fc13ae0e13000349,pmoralesnd@globo.com,pmoralesnd,Morales,Phyllis
58edf487fc13ae0e1300034a,brosene@marriott.com,brosene,Rose,Bonnie
58edf487fc13ae0e1300034b,acruznf@blogs.com,acruznf,Cruz,Alan
58edf487fc13ae0e1300034c,bcastillong@patch.com,bcastillong,Castillo,Bobby
58edf487fc13ae0e1300034d,jpricenh@hc360.com,jpricenh,Price,Janet
58edf487fc13ae0e1300034e,bcarterni@simplemachines.org,bcarterni,Carter,Beverly
58edf487fc13ae0e1300034f,jmccoynj@weather.com,jmccoynj,Mccoy,Jessica
58edf487fc13ae0e13000350,dgilbertnk@redcross.org,dgilbertnk,Gilbert,Diane
58edf487fc13ae0e13000351,tlawrencenl@arizona.edu,tlawrencenl,Lawrence,Thomas
58edf487fc13ae0e13000352,kbarnesnm@state.gov,kbarnesnm,Barnes,Kathy
58edf487fc13ae0e13000353,awilliamsonnn@bigcartel.com,awilliamsonnn,Williamson,Alice
58edf487fc13ae0e13000354,rhowardno@youtube.com,rhowardno,Howard,Ralph
58edf487fc13ae0e13000355,dgardnernp@gizmodo.com,dgardnernp,Gardner,Dorothy
58edf487fc13ae0e13000356,adanielsnq@themeforest.net,adanielsnq,Daniels,Amanda
58edf487fc13ae0e13000357,ghendersonnr@cocolog-nifty.com,ghendersonnr,Henderson,Gregory
58edf487fc13ae0e13000358,rnguyenns@wix.com,rnguyenns,Nguyen,Robin
58edf487fc13ae0e13000359,imorenont@goo.gl,imorenont,Moreno,Irene
58edf487fc13ae0e1300035a,astewartnu@vk.com,astewartnu,Stewart,Angela
58edf487fc13ae0e1300035b,mpricenv@is.gd,mpricenv,Price,Melissa
58edf487fc13ae0e1300035c,pwoodnw@nasa.gov,pwoodnw,Wood,Phillip
58edf487fc13ae0e1300035d,bbaileynx@over-blog.com,bbaileynx,Bailey,Bonnie
58edf487fc13ae0e1300035e,jgonzalesny@umich.edu,jgonzalesny,Gonzales,Jacqueline
58edf487fc13ae0e1300035f,dsimpsonnz@wikipedia.org,dsimpsonnz,Simpson,Diane
58edf487fc13ae0e13000360,arussello0@hibu.com,arussello0,Russell,Antonio
58edf487fc13ae0e13000361,treedo1@sina.com.cn,treedo1,Reed,Theresa
58edf487fc13ae0e13000362,lwesto2@hud.gov,lwesto2,West,Lois
58edf487fc13ae0e13000363,jgibsono3@bloomberg.com,jgibsono3,Gibson,Judith
58edf487fc13ae0e13000364,emorgano4@amazon.co.jp,emorgano4,Morgan,Ernest
58edf487fc13ae0e13000365,wkellyo5@census.gov,wkellyo5,Kelly,Wayne
58edf487fc13ae0e13000366,nrobertso6@vinaora.com,nrobertso6,Roberts,Nicholas
58edf487fc13ae0e13000367,bharriso7@simplemachines.org,bharriso7,Harris,Barbara
58edf487fc13ae0e13000368,agardnero8@about.com,agardnero8,Gardner,Antonio
58edf487fc13ae0e13000369,hwheelero9@smh.com.au,hwheelero9,Wheeler,Henry
58edf487fc13ae0e1300036a,jramosoa@blog.com,jramosoa,Ramos,Janice
58edf487fc13ae0e1300036b,mwardob@goo.ne.jp,mwardob,Ward,Matthew
58edf487fc13ae0e1300036c,dduncanoc@guardian.co.uk,dduncanoc,Duncan,Dorothy
58edf487fc13ae0e1300036d,rriveraod@joomla.org,rriveraod,Rivera,Richard
58edf487fc13ae0e1300036e,cmorganoe@freewebs.com,cmorganoe,Morgan,Craig
58edf487fc13ae0e1300036f,mmontgomeryof@ycombinator.com,mmontgomeryof,Montgomery,Melissa
58edf487fc13ae0e13000370,ghudsonog@state.tx.us,ghudsonog,Hudson,Gary
58edf487fc13ae0e13000371,jedwardsoh@geocities.com,jedwardsoh,Edwards,Jessica
58edf487fc13ae0e13000372,bcruzoi@slashdot.org,bcruzoi,Cruz,Billy
58edf487fc13ae0e13000373,rsimsoj@blogspot.com,rsimsoj,Sims,Rose
58edf487fc13ae0e13000374,rwashingtonok@amazon.co.uk,rwashingtonok,Washington,Richard
58edf487fc13ae0e13000375,abakerol@bigcartel.com,abakerol,Baker,Ashley
58edf487fc13ae0e13000376,kcarrom@netvibes.com,kcarrom,Carr,Kimberly
58edf487fc13ae0e13000377,rreyeson@house.gov,rreyeson,Reyes,Ryan
58edf487fc13ae0e13000378,mwashingtonoo@cdc.gov,mwashingtonoo,Washington,Margaret
58edf487fc13ae0e13000379,dfreemanop@cnbc.com,dfreemanop,Freeman,Donald
58edf487fc13ae0e1300037a,dpriceoq@issuu.com,dpriceoq,Price,Doris
58edf487fc13ae0e1300037b,njamesor@utexas.edu,njamesor,James,Nancy
58edf487fc13ae0e1300037c,dsullivanos@over-blog.com,dsullivanos,Sullivan,Dennis
58edf487fc13ae0e1300037d,thunterot@answers.com,thunterot,Hunter,Tina
58edf487fc13ae0e1300037e,shuntou@google.ca,shuntou,Hunt,Shirley
58edf487fc13ae0e1300037f,dgonzalesov@nature.com,dgonzalesov,Gonzales,Douglas
58edf487fc13ae0e13000380,jtuckerow@netscape.com,jtuckerow,Tucker,Jane
58edf487fc13ae0e13000381,twilsonox@bluehost.com,twilsonox,Wilson,Theresa
58edf487fc13ae0e13000382,jcookoy@sciencedaily.com,jcookoy,Cook,Jeremy
58edf487fc13ae0e13000383,jjonesoz@reddit.com,jjonesoz,Jones,Jonathan
58edf487fc13ae0e13000384,jarmstrongp0@jiathis.com,jarmstrongp0,Armstrong,Janice
58edf487fc13ae0e13000385,jmccoyp1@dell.com,jmccoyp1,Mccoy,Juan
58edf487fc13ae0e13000386,mmartinezp2@rakuten.co.jp,mmartinezp2,Martinez,Mary
58edf487fc13ae0e13000387,jalvarezp3@blogger.com,jalvarezp3,Alvarez,Jennifer
58edf487fc13ae0e13000388,hperezp4@prlog.org,hperezp4,Perez,Helen
58edf487fc13ae0e13000389,erosep5@ed.gov,erosep5,Rose,Edward
58edf487fc13ae0e1300038a,jmoralesp6@prlog.org,jmoralesp6,Morales,Joshua
58edf487fc13ae0e1300038b,bmccoyp7@state.gov,bmccoyp7,Mccoy,Brian
58edf487fc13ae0e1300038c,acastillop8@angelfire.com,acastillop8,Castillo,Alan
58edf487fc13ae0e1300038d,rbaileyp9@mail.ru,rbaileyp9,Bailey,Rose
58edf487fc13ae0e1300038e,dwalkerpa@mit.edu,dwalkerpa,Walker,Diana
58edf487fc13ae0e1300038f,cjohnsonpb@cisco.com,cjohnsonpb,Johnson,Carol
58edf487fc13ae0e13000390,csimpsonpc@is.gd,csimpsonpc,Simpson,Cynthia
58edf487fc13ae0e13000391,rburnspd@huffingtonpost.com,rburnspd,Burns,Ronald
58edf487fc13ae0e13000392,lhartpe@mtv.com,lhartpe,Hart,Louis
58edf487fc13ae0e13000393,hallenpf@abc.net.au,hallenpf,Allen,Harry
58edf487fc13ae0e13000394,pstephenspg@theguardian.com,pstephenspg,Stephens,Pamela
58edf487fc13ae0e13000395,apattersonph@homestead.com,apattersonph,Patterson,Albert
58edf487fc13ae0e13000396,wgreenepi@mlb.com,wgreenepi,Greene,Wayne
58edf487fc13ae0e13000397,byoungpj@soup.io,byoungpj,Young,Bruce
58edf487fc13ae0e13000398,jwrightpk@instagram.com,jwrightpk,Wright,Jack
58edf487fc13ae0e13000399,laustinpl@privacy.gov.au,laustinpl,Austin,Lawrence
58edf487fc13ae0e1300039a,rwoodpm@guardian.co.uk,rwoodpm,Wood,Ralph
58edf487fc13ae0e1300039b,gcarpenterpn@joomla.org,gcarpenterpn,Carpenter,Gloria
58edf487fc13ae0e1300039c,ehayespo@meetup.com,ehayespo,Hayes,Edward
58edf487fc13ae0e1300039d,dsmithpp@ft.com,dsmithpp,Smith,Donald
58edf487fc13ae0e1300039e,shayespq@japanpost.jp,shayespq,Hayes,Sara
58edf487fc13ae0e1300039f,drobertspr@multiply.com,drobertspr,Roberts,Dennis
58edf487fc13ae0e130003a0,imurrayps@cafepress.com,imurrayps,Murray,Irene
58edf487fc13ae0e130003a1,jwilliamspt@sun.com,jwilliamspt,Williams,Jean
58edf487fc13ae0e130003a2,rpeterspu@photobucket.com,rpeterspu,Peters,Richard
58edf487fc13ae0e130003a3,kwilsonpv@google.co.uk,kwilsonpv,Wilson,Karen
58edf487fc13ae0e130003a4,lfernandezpw@umich.edu,lfernandezpw,Fernandez,Laura
58edf487fc13ae0e130003a5,mcarterpx@washingtonpost.com,mcarterpx,Carter,Mark
58edf487fc13ae0e130003a6,bhowardpy@last.fm,bhowardpy,Howard,Bruce
58edf487fc13ae0e130003a7,coliverpz@answers.com,coliverpz,Oliver,Craig
58edf487fc13ae0e130003a8,mhendersonq0@networkadvertising.org,mhendersonq0,Henderson,Marilyn
58edf487fc13ae0e130003a9,scarpenterq1@uiuc.edu,scarpenterq1,Carpenter,Sean
58edf487fc13ae0e130003aa,amasonq2@stanford.edu,amasonq2,Mason,Amanda
58edf487fc13ae0e130003ab,egomezq3@meetup.com,egomezq3,Gomez,Elizabeth
58edf487fc13ae0e130003ac,sbowmanq4@i2i.jp,sbowmanq4,Bowman,Shawn
58edf487fc13ae0e130003ad,gsmithq5@networkadvertising.org,gsmithq5,Smith,Gloria
58edf487fc13ae0e130003ae,cknightq6@cocolog-nifty.com,cknightq6,Knight,Carol
58edf487fc13ae0e130003af,cfowlerq7@fc2.com,cfowlerq7,Fowler,Charles
58edf487fc13ae0e130003b0,amooreq8@people.com.cn,amooreq8,Moore,Albert
58edf487fc13ae0e130003b1,cfernandezq9@so-net.ne.jp,cfernandezq9,Fernandez,Cheryl
58edf487fc13ae0e130003b2,ebarnesqa@miibeian.gov.cn,ebarnesqa,Barnes,Edward
58edf487fc13ae0e130003b3,nhansonqb@umn.edu,nhansonqb,Hanson,Norma
58edf487fc13ae0e130003b4,dgonzalezqc@ustream.tv,dgonzalezqc,Gonzalez,Daniel
58edf487fc13ae0e130003b5,rtuckerqd@linkedin.com,rtuckerqd,Tucker,Rose
58edf487fc13ae0e130003b6,ghallqe@hp.com,ghallqe,Hall,Gerald
58edf487fc13ae0e130003b7,jhillqf@360.cn,jhillqf,Hill,Jeremy
58edf487fc13ae0e130003b8,trobinsonqg@yelp.com,trobinsonqg,Robinson,Tina
58edf487fc13ae0e130003b9,pgonzalezqh@springer.com,pgonzalezqh,Gonzalez,Phillip
58edf487fc13ae0e130003ba,ekelleyqi@nymag.com,ekelleyqi,Kelley,Evelyn
58edf487fc13ae0e130003bb,bspencerqj@nasa.gov,bspencerqj,Spencer,Brian
58edf487fc13ae0e130003bc,estewartqk@state.gov,estewartqk,Stewart,Earl
58edf487fc13ae0e130003bd,klewisql@netvibes.com,klewisql,Lewis,Keith
58edf487fc13ae0e130003be,cmontgomeryqm@marriott.com,cmontgomeryqm,Montgomery,Catherine
58edf487fc13ae0e130003bf,brobertsonqn@mozilla.org,brobertsonqn,Robertson,Brandon
58edf487fc13ae0e130003c0,cmartinqo@geocities.com,cmartinqo,Martin,Christina
58edf487fc13ae0e130003c1,dstevensqp@geocities.com,dstevensqp,Stevens,Daniel
58edf487fc13ae0e130003c2,rweaverqq@tuttocitta.it,rweaverqq,Weaver,Raymond
58edf487fc13ae0e130003c3,cstanleyqr@so-net.ne.jp,cstanleyqr,Stanley,Cynthia
58edf487fc13ae0e130003c4,kallenqs@ted.com,kallenqs,Allen,Kathy
58edf487fc13ae0e130003c5,jhunterqt@redcross.org,jhunterqt,Hunter,Joyce
58edf487fc13ae0e130003c6,nmontgomeryqu@hostgator.com,nmontgomeryqu,Montgomery,Nicholas
58edf487fc13ae0e130003c7,sgarrettqv@marriott.com,sgarrettqv,Garrett,Stephen
58edf487fc13ae0e130003c8,bfergusonqw@wufoo.com,bfergusonqw,Ferguson,Beverly
58edf487fc13ae0e130003c9,pharperqx@smugmug.com,pharperqx,Harper,Paul
58edf487fc13ae0e130003ca,cmedinaqy@hc360.com,cmedinaqy,Medina,Christopher
58edf487fc13ae0e130003cb,rreynoldsqz@arizona.edu,rreynoldsqz,Reynolds,Ruby
58edf487fc13ae0e130003cc,fjohnsonr0@dropbox.com,fjohnsonr0,Johnson,Fred
58edf487fc13ae0e130003cd,kperkinsr1@ox.ac.uk,kperkinsr1,Perkins,Kathy
58edf487fc13ae0e130003ce,sreynoldsr2@independent.co.uk,sreynoldsr2,Reynolds,Susan
58edf487fc13ae0e130003cf,cruizr3@is.gd,cruizr3,Ruiz,Carl
58edf487fc13ae0e130003d0,rgreener4@gmpg.org,rgreener4,Greene,Ruby
58edf487fc13ae0e130003d1,jgilbertr5@godaddy.com,jgilbertr5,Gilbert,Julie
58edf487fc13ae0e130003d2,ryoungr6@dailymotion.com,ryoungr6,Young,Raymond
58edf487fc13ae0e130003d3,jmatthewsr7@mysql.com,jmatthewsr7,Matthews,Joan
58edf487fc13ae0e130003d4,jhillr8@businessinsider.com,jhillr8,Hill,Jeffrey
58edf487fc13ae0e130003d5,jrayr9@howstuffworks.com,jrayr9,Ray,Janet
58edf487fc13ae0e130003d6,hnelsonra@slideshare.net,hnelsonra,Nelson,Howard
58edf487fc13ae0e130003d7,wperezrb@joomla.org,wperezrb,Perez,Walter
58edf487fc13ae0e130003d8,jhamiltonrc@cornell.edu,jhamiltonrc,Hamilton,Jonathan
58edf487fc13ae0e130003d9,jphillipsrd@joomla.org,jphillipsrd,Phillips,Jean
58edf487fc13ae0e130003da,pspencerre@latimes.com,pspencerre,Spencer,Paul
58edf487fc13ae0e130003db,ctaylorrf@deliciousdays.com,ctaylorrf,Taylor,Christine
58edf487fc13ae0e130003dc,phughesrg@marriott.com,phughesrg,Hughes,Philip
58edf487fc13ae0e130003dd,bcunninghamrh@paginegialle.it,bcunninghamrh,Cunningham,Beverly
58edf487fc13ae0e130003de,cburkeri@goo.ne.jp,cburkeri,Burke,Christine
58edf487fc13ae0e130003df,jpetersonrj@histats.com,jpetersonrj,Peterson,Joe
58edf487fc13ae0e130003e0,ppricerk@japanpost.jp,ppricerk,Price,Paula
58edf487fc13ae0e130003e1,jfieldsrl@vk.com,jfieldsrl,Fields,Jason
58edf487fc13ae0e130003e2,garnoldrm@naver.com,garnoldrm,Arnold,Gerald
58edf487fc13ae0e130003e3,lhunterrn@unblog.fr,lhunterrn,Hunter,Larry
58edf487fc13ae0e130003e4,mmillerro@yale.edu,mmillerro,Miller,Melissa
58edf487fc13ae0e130003e5,aburtonrp@blog.com,aburtonrp,Burton,Amanda
58edf487fc13ae0e130003e6,jbrooksrq@whitehouse.gov,jbrooksrq,Brooks,Jimmy
58edf487fc13ae0e130003e7,bgreenrr@pcworld.com,bgreenrr,Green,Barbara
